{"title": [{"alt": "탄소중립, 어디까지 알고 있니?- ① - 정책뉴스 | 뉴스 | 대한민국 정책브리핑", "link": "https://www.korea.kr/news/policyNewsView.do?newsId=148887977"}, {"alt": "탄소중립, 어디까지 알고 있니?- ① - 정책뉴스 | 뉴스 | 대한민국 정책브리핑", "link": "https://www.keep.go.kr/portal/141?action=read&action-value=62466250a1a1f3c7c69c531e6f82d9cc&search_word=%EC%82%AC%EB%A7%89%ED%99%94&tags=%EC%86%8C%EC%9D%8C%2C%ED%8F%90%EA%B8%B0%EB%AC%BC+%EB%B0%8F+%EC%9E%90%EC%9B%90%EC%88%9C%ED%99%98%2C%ED%99%98%EA%B2%BD%EB%B3%B4%EA%B1%B4%2C%EB%AC%BC%2C%ED%86%A0%EC%96%91%2C%EC%83%9D%ED%83%9C%EA%B3%84%2C%EA%B8%B0%ED%9B%84%EB%B3%80%ED%99%94+%EB%B0%8F+%ED%83%84%EC%86%8C%EC%A4%91%EB%A6%BD%2C%EB%8C%80%EA%B8%B0%2C%EC%97%90%EB%84%88%EC%A7%80%2C%EC%A7%80%EC%86%8D%EA%B0%80%EB%8A%A5%EB%B0%9C%EC%A0%84%2C%EC%83%9D%EB%AA%85%EC%9C%A4%EB%A6%AC%2C%EA%B8%B0%ED%83%80&search_field=ALL"}, {"alt": "환경정보통] 지구온난화 예방을 통해 자연재해를 막는다? < 교육자료 < 자료실 : 환경교육포털", "link": "https://www.keep.go.kr/portal/141?action=read&action-value=2e5270c0d05b22f56695e50a4a02b760"}, {"alt": "탄소중립회화_기후변화로 인한 피해는 무엇이 있을까?< 교육자료 < 자료실 : 환경교육포털", "link": "https://www.businessplus.kr/news/articleView.html?idxno=33672"}, {"alt": "ESG]\"아이들이 무슨 죄라고\"...탄소중립이 시급한 이유 < 환경 < ESG < 기사본문 - 비즈니스플러스", "link": "https://m.blog.naver.com/energyinfoplaza/221564204596"}, {"alt": "스토리] 기후변화로 인한 자연재해 : 네이버 블로그", "link": "https://m.gettyimagesbank.com/view/%ED%83%84%EC%86%8C%EC%A4%91%EB%A6%BD-%EC%9E%90%EC%97%B0-%EC%A3%BC%EC%A0%9C-%EC%9E%AC%EC%83%9D%EC%97%90%EB%84%88%EC%A7%80-%EC%97%B0%EB%A3%8C%EC%99%80%EC%A0%84%EB%A0%A5%EB%B0%9C%EC%A0%84-%EC%82%B0%EB%B6%88-%EA%B8%B0%ED%9B%84%EB%B3%80%ED%99%94-%EC%9E%90%EC%97%B0%EC%9E%AC%ED%95%B4/jv12243569"}, {"alt": "탄소중립, 자연 (주제), 재생에너지 (연료와전력발전), 산불, 기후변화, 자연재해 (jv12243569) - 게티이미지뱅크", "link": "https://www.keep.go.kr/portal/141?action=read&action-value=2e5270c0d05b22f56695e50a4a02b760"}, {"alt": "탄소중립회화_기후변화로 인한 피해는 무엇이 있을까?< 교육자료 < 자료실 : 환경교육포털", "link": "https://www.keep.go.kr/portal/141?action=read&action-value=62466250a1a1f3c7c69c531e6f82d9cc&search_word=%EC%82%AC%EB%A7%89%ED%99%94&tags=%EC%86%8C%EC%9D%8C%2C%ED%8F%90%EA%B8%B0%EB%AC%BC+%EB%B0%8F+%EC%9E%90%EC%9B%90%EC%88%9C%ED%99%98%2C%ED%99%98%EA%B2%BD%EB%B3%B4%EA%B1%B4%2C%EB%AC%BC%2C%ED%86%A0%EC%96%91%2C%EC%83%9D%ED%83%9C%EA%B3%84%2C%EA%B8%B0%ED%9B%84%EB%B3%80%ED%99%94+%EB%B0%8F+%ED%83%84%EC%86%8C%EC%A4%91%EB%A6%BD%2C%EB%8C%80%EA%B8%B0%2C%EC%97%90%EB%84%88%EC%A7%80%2C%EC%A7%80%EC%86%8D%EA%B0%80%EB%8A%A5%EB%B0%9C%EC%A0%84%2C%EC%83%9D%EB%AA%85%EC%9C%A4%EB%A6%AC%2C%EA%B8%B0%ED%83%80&search_field=ALL"}, {"alt": "환경정보통] 지구온난화 예방을 통해 자연재해를 막는다? < 교육자료 < 자료실 : 환경교육포털", "link": "https://m.khan.co.kr/world/world-general/article/202110281553011"}, {"alt": "탄소 흡수→탄소 배출' 세계자연유산 숲들이 바뀐다 - 경향신문", "link": "https://www.newsquest.co.kr/news/articleView.html?idxno=87463"}, {"alt": "이상기후 산불에 탄소배출 최고치...꼬리에 꼬리 무는 악순환 - 뉴스퀘스트", "link": "https://www.keep.go.kr/portal/141?search_mode=true&action=read&action-value=2e5270c0d05b22f56695e50a4a02b760&page=11&search_word=%EB%AC%BC&document_category_srl2=59&search_field=TiCo"}, {"alt": "탄소중립회화_기후변화로 인한 피해는 무엇이 있을까?< 교육자료 < 자료실 : 환경교육포털", "link": "https://m.gettyimagesbank.com/view/%ED%83%84%EC%86%8C%EC%A4%91%EB%A6%BD-%EC%9E%90%EC%97%B0-%EC%A3%BC%EC%A0%9C-%EC%9E%AC%EC%83%9D%EC%97%90%EB%84%88%EC%A7%80-%EC%97%B0%EB%A3%8C%EC%99%80%EC%A0%84%EB%A0%A5%EB%B0%9C%EC%A0%84-%EB%82%98%EB%AC%B4-%EC%9E%90%EC%97%B0%EC%9E%AC%ED%95%B4-%EC%82%AC%EB%A7%89%ED%99%94/jv12243572"}, {"alt": "탄소중립, 자연 (주제), 재생에너지 (연료와전력발전), 나무, 자연재해, 사막화 (jv12243572) - 게티이미지뱅크", "link": "https://m.dongascience.com/news.php?idx=52933"}, {"alt": "탄소중립 연속기고] 기후위기 시대 무엇을 준비해야 할까 : 동아사이언스", "link": "https://keep.go.kr/portal/141?action=read&action-value=79bc35dcda81fc12e15816a4638f5130&page=1"}, {"alt": "탄소중립Life] 스마트 그린도시를 조성하면 지구가 달라진다?< 교육자료 < 자료실 : 환경교육포털", "link": "http://www.civicnews.com/news/articleView.html?idxno=31926"}, {"alt": "탄소중립' 어렵지 않아요!...지구의 온도를 내리는 10가지 방법 - CIVICNEWS(시빅뉴스)", "link": "https://www.newsquest.co.kr/news/articleView.html?idxno=87463"}, {"alt": "이상기후 산불에 탄소배출 최고치...꼬리에 꼬리 무는 악순환 - 뉴스퀘스트", "link": "https://www.fsc.go.kr/edu/cardnews?cnId=992&curPage=&pastPage="}, {"alt": "카드뉴스 - 금융위원회 알기쉬운·금융", "link": "http://news.bbsi.co.kr/news/articleView.html?idxno=3041827"}, {"alt": "지구촌 곳곳 자연재해 잇따라...연기법 바탕 자연과의 조화 노력해야 < 경제 < 기사본문 - BBS NEWS", "link": "https://www.idaegu.co.kr/news/articleView.html?idxno=377526"}, {"alt": "산불은 꺼져도…지구의 온도는 여전히 뜨겁다 - 대구신문", "link": "https://www.mk.co.kr/news/world/view/2021/08/787326/"}, {"alt": "기후변화 `앗뜨거`…보험사 손실 상반기 47조원 - 매일경제", "link": "https://www.youtube.com/watch?v=ZxSWsZc73OU"}, {"alt": "거대한 '탄소 배출원'이 된 숲...기후변화가 바꾼 숲의 운명 - YouTube", "link": "https://m.khan.co.kr/world/world-general/article/202207281648011"}, {"alt": "지구의 '1년치 탄소 자정능력' 오늘로 끝 ...인류, 내일부터 지구에 빚지고 산다 - 경향신문", "link": "https://www.korea.kr/news/policyNewsView.do?newsId=148887977"}, {"alt": "탄소중립, 어디까지 알고 있니?- ① - 정책뉴스 | 뉴스 | 대한민국 정책브리핑", "link": "https://www.businessplus.kr/news/articleView.html?idxno=33646"}, {"alt": "탄소배출량 줄이면 돈 번다...이유는? < 환경 < ESG < 기사본문 - 비즈니스플러스", "link": "http://www.edujin.co.kr/news/articleView.html?idxno=37286"}, {"alt": "톡톡] 지구 살리는 '탄소발자국' 지우기 같이 할래? < 흥미 톡톡 < 톡톡 < 기사본문 - 에듀진 인터넷 교육신문", "link": "http://blog.yes24.com/document/13484846"}, {"alt": "탄소 사회의 종말 도서 리뷰 : 탄소 사회의 종말 | YES24 블로그 - 내 삶의 쉼표", "link": "http://www.mediapia.co.kr/news/articleView.html?idxno=33640"}, {"alt": "지구온난화 해결방안은?' 이산화탄소가 그 중 가장 대표적이며 < 시사일반 < 기사본문 - 미디어피아", "link": "https://www.sedaily.com/NewsView/22SXHKRDR9"}, {"alt": "중국·인도, 탄소 감축목표 제출 거부…기후협약 난항 : 서울경제", "link": "https://www.youtube.com/watch?v=vBYLvFQ0aR4"}, {"alt": "세계 곳곳 '꺼지지 않는' 산불…탄소배출량도 최대 (2021.08.09/뉴스데스크/MBC) - YouTube", "link": "https://www.greened.kr/news/articleView.html?idxno=296375"}, {"alt": "자연재해복구에 투자”…글로벌 ETF로 읽는 미래 트렌드 - 녹색경제신문", "link": "http://www.agrinet.co.kr/news/articleView.html?idxno=304833"}, {"alt": "기후재앙 범인은 '인간'…티핑포인트 오기 전 당장 행동해야 < 메가FTA와 탄소중립시대 < 농정 < 기사본문 - 한국농어민신문", "link": "https://gscaltexmediahub.com/campaign/life-energy-disaster-preparedness/"}, {"alt": "생활 속 에너지] 자연재해도 현명하게, 미리 알아두는 재해 대비 방법 | GS칼텍스 공식 블로그 : 미디어허브", "link": "http://www.dailychina.co.kr/2859"}, {"alt": "데일리차이나] '공존의 지구를 향해', 탄소중립 실현 위한 다각적 노력", "link": "https://www.safety1st.news/news/articleView.html?idxno=3056"}, {"alt": "자연 재해로 인한 부상 및 사망을 예방하는 방법? < 글로벌 뉴스 < 글로벌 특집 < 기사본문 - 세이프티퍼스트닷뉴스", "link": "https://m.segye.com/view/20220116508455"}, {"alt": "기후변화 대응 안 하면 5大 기업 매출 30조 급감 ['빈 수레' 탈탄소 경영을 막아라]", "link": "http://www.dailydgnews.com/news/article.html?no=133898"}, {"alt": "산림치유원, '탄소중립 실천 문필마을' 운영", "link": "http://m.blog.naver.com/ksa_iso/221411170898"}, {"alt": "ISO Foucs] 기후 변화 대응 : 네이버 블로그", "link": "https://firenzedt.com/13732"}, {"alt": "고재경 칼럼] '탄소 배출 감소' 없는 예산을 금지하라 | 피렌체의 식탁", "link": "https://www.energydaily.co.kr/news/articleView.html?idxno=115420"}, {"alt": "탄소중립 없이는 '한반도 기후위기' 벗어날 수 없다” - 에너지데일리", "link": "https://www.sciencetimes.co.kr/news/%ED%83%84%EC%86%8C-%EC%A4%91%EB%A6%BD%EC%9D%80-%EA%B0%80%EB%8A%A5%ED%95%A0%EA%B9%8C-1/"}, {"alt": "탄소 중립은 가능할까? (1) – Sciencetimes", "link": "https://www.hani.co.kr/arti/PRINT/875957.html"}, {"alt": "올해 기후변화 10대 자연재해로 1000명 사망·950억달러 피해 : 과학 : 미래&과학 : 뉴스 : 한겨레", "link": "https://m.facebook.com/hotpinkdolphins/photos/%EA%B8%B0%ED%9B%84%EB%B3%80%ED%99%94%EB%A5%BC-%EB%84%98%EC%96%B4-%EA%B8%B0%ED%9B%84%EC%9C%84%EA%B8%B0-%EC%8B%9C%EB%8C%80%EC%9E%85%EB%8B%88%EB%8B%A4-%EC%B5%9C%EA%B7%BC-%EB%93%A4%EB%A0%A4%EC%98%A4%EB%8A%94-%EC%9D%B4%EC%83%81%EA%B8%B0%ED%9B%84%EC%99%80-%EC%9E%90%EC%97%B0%EC%9E%AC%ED%95%B4-%EC%86%8C%EC%8B%9D%EB%93%A4%EC%9D%84-%ED%86%B5%ED%95%B4-%EC%9A%B0%EB%A6%AC%EB%8A%94-%EC%9D%B8%EA%B0%84%EC%9D%B4-%EB%A7%88%EA%B5%AC-%EB%B0%B0%EC%B6%9C%ED%95%9C-%ED%83%84%EC%86%8C%EA%B0%80-%EC%96%BC%EB%A7%88%EB%82%98-%EB%A7%8E%EC%9D%80-%EC%83%9D%EB%AC%BC%EB%93%A4%EC%9D%84-%EC%A3%BD%EC%9D%B4/2770342976344746/"}, {"alt": "핫핑크돌핀스 hotpinkdolphins - 기후변화를 넘어 기후위기 시대입니다. 최근 들려오는 이상기후와 자연재해 소식들을 통해  우리는 인간이 마구 배출한 탄소가 얼마나 많은 생물들을 죽이고 지구공동체 전체를 위협하고 있는지 알 수 있지요. 우리는 이 생물대멸종의", "link": "https://www.carmgz.kr/news/articleView.html?idxno=5881"}, {"alt": "도심형부터 전동화 오프로더까지…'탄소중립' 위한 스텔란티스 EV 전략 < 업계소식 < 기사본문 - 카매거진 CARMGZ", "link": "https://www.nocutnews.co.kr/news/5594149"}, {"alt": "넷제로·1.5℃·파리협정·2050…'탄소 중립'이 내 삶을 바꾼다[인더독] - 노컷뉴스", "link": "https://www.hani.co.kr/arti/science/science_general/880715.html"}, {"alt": "지구 탄소흡수력 '급변침' 예상보다 빨리 올 수 있다 : 과학 : 미래&과학 : 뉴스 : 한겨레모바일", "link": "https://climateaction.tistory.com/830"}, {"alt": "올해 자연재해 피해액 사상 최고치 갱신했다\"", "link": "https://m.khan.co.kr/environment/climate/article/202206141025001"}, {"alt": "탄소 감축없인 홍수 위험↑…폭우량 70% 이상 증가 - 경향신문", "link": "http://www.civicnews.com/news/articleView.html?idxno=31926"}, {"alt": "탄소중립' 어렵지 않아요!...지구의 온도를 내리는 10가지 방법 - CIVICNEWS(시빅뉴스)", "link": "http://m.ecomedia.co.kr/news/newsview.php?ncode=1065607753567997"}, {"alt": "치명적인 자연재해만이 정책변화 이끌어?", "link": "https://www.asiatoday.co.kr/view.php?key=20220905010002801"}, {"alt": "파키스탄 “부자 나라들, 기후재해 직면한 국가에 배상해야” - 아시아투데이", "link": "https://www.hkbs.co.kr/news/articleView.html?idxno=675258"}, {"alt": "산불 연기로 시민 건강 악영향··· 정부는 무관심 < 환경·생태 < 환경뉴스 < 기사본문 - 환경일보", "link": "http://www.ecocody.co.kr/news/articleView.html?idxno=3454"}, {"alt": "기후재앙을 피하는 열쇠 '자연기반해법' < 시사·리포트 < 기획특집 < 기사본문 - 월간환경", "link": "https://m.dongascience.com/news.php?idx=56624"}, {"alt": "기후위기와 산림] 현대판 '노아의 방주'에 소나무를 태우려면 : 동아사이언스", "link": "https://www.etoday.co.kr/news/view/2045439"}, {"alt": "아무도 안전하지 않다' 선진국 강타한 기후변화 충격 - 이투데이", "link": "https://comeandgoansan.wordpress.com/2021/01/14/%EB%B2%88%EC%97%AD-2050%EB%85%84%EA%B9%8C%EC%A7%80-%ED%83%84%EC%86%8C%EB%B0%B0%EC%B6%9C%EB%9F%89-%EC%88%9C-%EC%A0%9C%EB%A1%9C-%EB%8B%AC%EC%84%B1%EC%9D%80-%EB%84%88%EB%AC%B4-%EB%8A%A6%EB%8B%A4/"}, {"alt": "번역] 2050년까지 탄소배출량 순 제로 달성은 너무 늦다고 과학자들은 말한다. – 책방 들락날락", "link": "https://mobile.newsis.com/view.html?ar_id=NISX20220628_0001923454"}, {"alt": "포스코인터내셔널, 인니서 맹그로브 식재...탄소저감 활동", "link": "https://www.ytn.co.kr/_ln/0108_202112311739527673"}, {"alt": "기상센터]살인 더위와 초강력 허리케인...2021년의 자연재해 | YTN", "link": "https://m.inews24.com/v/1393406"}, {"alt": "더는 머뭇거릴 시간이 없다] 탄소중립위 '2050 시나리오' 발표한 배경은?", "link": "https://www.snmnews.com/news/articleView.html?idxno=499640"}, {"alt": "포스코인터내셔널, 인도네시아서 맹그로브 숲 조성으로 탄소저감 활동 나서 - 철강금속신문", "link": "http://m.wonjutoday.co.kr/news/articleView.html?idxno=127682"}, {"alt": "원주투데이 모바일 사이트, 자연재해 대처, 사회적 돌봄 강화로부터 시작", "link": "https://www.research-paper.co.kr/news/articleView.html?idxno=301326"}, {"alt": "EARTH CRISIS] 기후 변화로 산불 대형화…탄소 배출 늘어나 악순환 < 생활경제 < 라이프 < 기사본문 - 리서치페이퍼", "link": "http://www.sisa-news.com/news/article.html?no=174314"}, {"alt": "문 대통령 \"자연재해 40%, 아태지역서 발생 위기 취약…탄소중립 행동 빨라져야\"", "link": "https://magazine.hankyung.com/business/article/202010206735b"}, {"alt": "온난화부터 팬데믹까지…블록버스터급 자연재해 계속된다 │ 매거진한경", "link": "http://www.newsam.co.kr/mobile/article.html?no=33337"}, {"alt": "탄소중립과 바이오차의 새로운 발견", "link": "https://m.heraldeco.com/content/news_view.php?category=&pk=1316"}, {"alt": "H.eco - WeFACE", "link": "http://m.ecomedia.co.kr/news/newsview.php?ncode=1065605346782238"}, {"alt": "20년간 자연재해 2배로 증가", "link": "http://www.e-newsp.com/news/article.html?no=48356"}, {"alt": "도민과 함께 탄소중립 2050 실천", "link": "https://www.korea.kr/news/visualNewsView.do?newsId=148880736"}, {"alt": "왜 탄소중립인가…2050 탄소중립 추진 전략 - 카드/한컷 | 뉴스 | 대한민국 정책브리핑", "link": "http://www.esgeconomy.com/news/articleView.html?idxno=1495"}, {"alt": "한국의 기후기술, 미국의 80%수준...'2050 탄소중립' 갈 길 멀다 < 사회책임 < 환경·사회 < 기사본문 - ESG경제", "link": "https://oxfam.or.kr/%EC%83%81%EC%9C%84-1-%EB%B6%80%EC%9C%A0%EC%B8%B5%EC%9D%B4-%ED%95%98%EC%9C%84-50-%EB%B9%88%EA%B3%A4%EC%B8%B5%EB%B3%B4%EB%8B%A4-%ED%83%84%EC%86%8C-2%EB%B0%B0-%EB%B0%B0%EC%B6%9C/"}, {"alt": "상위 1% 부유층이 하위 50% 빈곤층보다 탄소 2배 배출?! | 옥스팜", "link": "https://www.etoday.co.kr/news/view/2132208"}, {"alt": "기후변화 막다른 골목…“5년 내 지구온난화 임계점 돌파 확률 48%” - 이투데이", "link": "http://www.onkweather.com/mobile/view.html?bo_table=commu1&wr_id=772"}, {"alt": "onkweather", "link": "https://sampyo.co.kr/blog/%EA%B1%B4%EB%AC%BC%EC%9D%84-%EC%A7%80%EC%9C%BC%EB%A9%B0-%ED%83%84%EC%86%8C-%EB%B0%B0%EC%B6%9C%EB%8F%84-%EC%A4%84%EC%9D%B4%EB%8A%94-%EC%B9%9C%ED%99%98%EA%B2%BD-%EC%8B%9C%EB%A9%98%ED%8A%B8/"}, {"alt": "건물을 지으며 탄소 배출도 줄이는 친환경 시멘트의 비밀 - SAMPYO", "link": "https://www.hani.co.kr/arti/science/science_general/875957.html"}, {"alt": "올해 기후변화 10대 자연재해로 1000명 사망·950억달러 피해 : 과학 : 미래&과학 : 뉴스 : 한겨레모바일", "link": "https://www.ajunews.com/view/20211007144043210"}, {"alt": "文 “아태 지역, 자연재해 40% 차지…탄소중립 행동 빨라져야” | 아주경제", "link": "https://ms-my.facebook.com/greenpeacekorea/posts/?ref=page_internal"}, {"alt": "Greenpeace 그린피스 서울사무소 - Siaran | Facebook", "link": "https://www.donga.com/news/Society/article/all/20220718/114505618/1"}, {"alt": "자연재해 취약 시설물 630개…부산 70개-경기도 102개 : 뉴스 : 동아일보", "link": "http://www.civicnews.com/news/articleView.html?idxno=32202"}, {"alt": "그린피스, \"고래가 기후변화 재앙의 해결사, 고래 몸 자체가 거대 이산화탄소 제거 탱크\" - CIVICNEWS(시빅뉴스)", "link": "http://news.heraldcorp.com/view.php?ud=20210808000025"}, {"alt": "기후변화 영향 7월 전세계 산불 심각…탄소배출량 사상 최대\"- 헤럴드경제", "link": "http://www.me.go.kr/home/mob/board/read.do;jsessionid=30x7kOEJjdllQ4om6T0Ef5XS.mehome1?pagerOffset=160&maxPageItems=10&maxIndexPages=5&searchKey=&searchValue=&menuId=10392&orgCd=&boardMasterId=713&boardCategoryId=&boardId=1410350"}, {"alt": "환경부 환경부 모바일 카드뉴스 - 숫자로 보는 탄소중립", "link": "https://www.hkbs.co.kr/news/articleView.html?idxno=670366"}, {"alt": "기후적응 이행 '난국'··· 탄소중립 대응 명확해야 < 환경·생태 < 환경뉴스 < 기사본문 - 환경일보", "link": "http://git4cc.com/korean/viewtopic.php?popup=yes&today=no&printable=yes&t=476&postdays=0&postorder=desc&start=0"}, {"alt": "기후변화 적응형 사회기반시설", "link": "http://m.kienews.com/news/newsview.php?ncode=1065595933232103"}, {"alt": "지난 7월 높은 탄소배출량, 이상고온 현상과 대규모 산불 발생이 원인", "link": "http://www.digitalbizon.com/news/articleView.html?idxno=1590430"}, {"alt": "아마존 열대우림, 지구 허파에서 \"탄소배출량 20%↑ CO₂ 굴뚝으로 변모\" < 기후변화&녹색혁명 < 글로벌 < 기사본문 - 디지털비즈온", "link": "https://www.newstomato.com/ReadNews.aspx?no=1103443"}, {"alt": "중국 탄소중립 추진…국내 건설, 조선업 부정적 영향 가능성", "link": "https://www.seoul.co.kr/news/newsView.php?id=20181227500114"}, {"alt": "올해 기후변화로 인한 자연재해 피해규모 56조원 훌쩍 넘어 | 서울신문", "link": "https://www.asiaa.co.kr/news/articleView.html?idxno=99656"}, {"alt": "탄소중립도 한 걸음부터\" 스텔란티스, 고객 지원 속도내는 EV 전략은? < 자동차·철도·항공 < 산업 < 기사본문 - 아시아에이", "link": "https://m.nongmin.com/news/NEWS/ECO/FRM/351819/view"}, {"alt": "흙의 날] 흙은 거대한 '탄소 저장고'…기후변화 늦추는 열쇠 - 농민신문", "link": "https://greennews360.com/%EC%A7%80%EA%B5%AC-%EC%98%A8%EB%82%9C%ED%99%94-%EC%9E%90%EC%97%B0-%EC%9E%AC%ED%95%B4-%EA%B8%B0%ED%9B%84-%EB%B3%80%ED%99%94-%EB%AC%B8%EC%A0%9C/"}, {"alt": "지구 온난화 결과 - 자연 재해 5가지 - Green News 360", "link": "https://news.kbs.co.kr/news/view.do?ncd=5486224"}, {"alt": "탄소 못 줄이면 '폭우·홍수' 급증", "link": "https://www.domin.co.kr/news/articleView.html?idxno=1378275&sc_section_code=S1N1"}, {"alt": "유희태 완주군수 예비후보 “탄소중립 실현 통해 기후위기 극복” - 전북도민일보", "link": "https://brunch.co.kr/@ddfe283f9d6b4b3/74"}, {"alt": "탄소중립 실천 포인트 제도!", "link": "https://www.korea.kr/news/policyNewsView.do?newsId=148887977"}, {"alt": "탄소중립, 어디까지 알고 있니?- ① - 정책뉴스 | 뉴스 | 대한민국 정책브리핑", "link": "https://box.donus.org/box/greenfund/savetheforest"}, {"alt": "맹그로브 함께 심어요!", "link": "https://news.nate.com/view/20220719n00038"}, {"alt": "탄소중립' 외치던 선진국 석탄발전 재개…산불· 폭염 더 큰 대재앙 우려 : 네이트뉴스", "link": "http://m.solartodaymag.com/news/articleView.html?idxno=12534"}, {"alt": "솔라투데이 탄소제로 모바일 사이트, [단독] '힌남노' 이겨낸 해상태양광, 상용화 초석 다져", "link": "https://v.daum.net/v/5c6f3caf709b5300018583cb"}, {"alt": "기후변화로 에너지산업 영업이익이 급감한다고? | RealFoods", "link": "https://www.gyeongnam.go.kr/board/view.gyeong?boardId=BBS_0000049&menuCd=DOM_000001603005000000&contentsSid=1312&paging=ok&startPage=1&dataSid=41578902"}, {"alt": "일상/생활 | 경남이야기-경상남도 인터넷뉴스", "link": "http://www.todayenergy.kr/news/articleView.html?idxno=236274"}, {"alt": "기획] 탄소중립시대 국제 질서 변화·우리의 대응 - 투데이에너지", "link": "https://www.mk.co.kr/news/society/view/2022/10/916817/"}, {"alt": "2050년 탄소중립 달성해 기온상승 제한해도 극한날씨 늘어\" - 매일경제", "link": "https://energytransitionkorea.org/comment/45432"}, {"alt": "보고서] 기후위기 해결을 위한 차기 정부의 탄소중립·에너지전환 45개 과제 | 에너지전환포럼", "link": "https://www.ytn.co.kr/_ln/0101_202105300114086091"}, {"alt": "정치]2050년 탄소중립 실현...P4G 정상회의 오늘 개막 | YTN", "link": "http://weschoolnews.com/mobile/article.html?no=6355"}, {"alt": "안화중] 2021 안화중학교 '탄소 중립 생활 실천' 교육", "link": "http://happy-ag.com/bbs/board.php?bo_table=news&wr_id=9875"}, {"alt": "한국자연재난협회 경상북도지부 창립 기념 포럼 개최 > 뉴스 | 행복안동해피경북투데이", "link": "https://post.naver.com/viewer/postView.naver?volumeNo=31924646&memberNo=44839610"}, {"alt": "일상 속 지구를 구하는 방법! 탄소 다이어트 : 네이버 포스트", "link": "https://m.hankookilbo.com/News/Read/A2021080809200000112"}, {"alt": "지난달 역대 7월 중 탄소배출량 가장 많아… 기후위기 '산불' 때문", "link": "https://twitter.com/search?q=%23%ED%83%84%EC%86%8C%EB%B0%B0%EC%B6%9C&f=live"}, {"alt": "탄소배출 - Twitter Search / Twitter", "link": "https://greentransport.org/news/?q=YToxOntzOjEyOiJrZXl3b3JkX3R5cGUiO3M6MzoiYWxsIjt9&bmode=view&idx=8873744&t=board"}, {"alt": "탄소중립 2050 무슨 의미일까요?? : 녹색교통운동 활동소식, 새소식", "link": "http://www.e-newsp.com/news/article_print.html?no=48356"}, {"alt": "세계환경신문", "link": "https://news.kbs.co.kr/news/view.do?ncd=5040804"}, {"alt": "기후변화, 위기를 기회로]③ '탄소 감축' 애플, 구글이 뛰어든 이유는?", "link": "https://www.lecturernews.com/news/articleView.html?idxno=84080"}, {"alt": "시사기획 창 “탄소를 묻는 '흙', 기후 변화 '길'을 묻다” < 커뮤니티 < 기사본문 - 한국강사신문", "link": "https://www.kigam.re.kr/gallery.es?mid=a10703030000&bid=0005&list_no=3152&act=view"}, {"alt": "지금, 우리의 지구를 위한 탄소중립 | R&D 하이라이트 | 연구원소식 | 알림마당 : KIGAM 한국지질자원연구원", "link": "https://www.cctvnews.co.kr/news/articleView.html?idxno=232012"}, {"alt": "이슈분석] 실질적인 재난으로 다가온 기후 변화, 우리 정부의 대책은? - CCTV뉴스 - 석주원 기자", "link": "http://www.digitalbizon.com/news/articleView.html?idxno=2330711"}, {"alt": "기록적인 홍수와 53년만의 최악의 가뭄'…저탄소 정책 '흔들' < 탄소중립 < ESG < 기사본문 - 디지털비즈온", "link": "https://cemk.org/27787/"}, {"alt": "기후 난민과 기후 불평등 바라보기(유미호) – 기독교윤리실천운동", "link": "http://www.civicnews.com/news/articleView.html?idxno=31926"}, {"alt": "탄소중립' 어렵지 않아요!...지구의 온도를 내리는 10가지 방법 - CIVICNEWS(시빅뉴스)", "link": "https://www.chemidream.com/1521"}, {"alt": "에코마일리지로 탄소 배출 줄이고, 지구온난화 막는다!", "link": "http://www.wsobi.com/news/articleView.html?idxno=152042"}, {"alt": "세계최대 탄소배출 중국, 탄소저감 돌입...한국 신산업 분야 의존도 조절해야 - 여성소비자신문", "link": "http://www.econew.co.kr/news/articleView.html?idxno=2192"}, {"alt": "자연기반해법'에 바탕을 둔 탄소중립 달성, 어떻게 해야 하나 - 글로벌환경신문", "link": "https://www.gyeongnam.go.kr/board/view.gyeong?boardId=BBS_0000049&menuCd=DOM_000001603005000000&contentsSid=1312&paging=ok&startPage=1&dataSid=41578902"}, {"alt": "일상/생활 | 경남이야기-경상남도 인터넷뉴스", "link": "https://greennews360.com/%EC%A7%80%EA%B5%AC-%EC%98%A8%EB%82%9C%ED%99%94-%EC%9E%90%EC%97%B0-%EC%9E%AC%ED%95%B4-%EA%B8%B0%ED%9B%84-%EB%B3%80%ED%99%94-%EB%AC%B8%EC%A0%9C/"}, {"alt": "지구 온난화 결과 - 자연 재해 5가지 - Green News 360", "link": "https://www.fnnews.com/news/202208061249384678"}, {"alt": "숲가꾸기 탄소저장 효과 산불로 공장 CO₂ 배출 정당화 못 해 - 파이낸셜뉴스", "link": "https://www.nvp.co.kr/news/articleView.html?idxno=301005"}, {"alt": "미국, 올해 18건 자연재해 발생... 538명 사망 < 미국·중국 < 국제관계 < 기사본문 - 뉴스비전미디어", "link": "https://www.keco.or.kr/kr/pr/pulu/communityid/86/view.do?idx=11012"}, {"alt": "환경웹툰 상세 | 한국환경공단", "link": "https://twitter.com/i/status/1422727345471856642"}, {"alt": "한국기후·환경네트워크 on Twitter: \"기후변화로 전세계 곳곳에 물난리가 발생하고 있습니다 [자세히 보기]  https://t.co/S32eDAYXx9 #한국기후환경네트워크 #온실가스 #온실가스1인1톤줄이기 #탄소중립 #기후변화 #기후행동  #기후위기 #지구온난화 #홍수 #폭우 #폭염 ...", "link": "http://www.ikpnews.net/news/articleView.html?idxno=46262"}, {"alt": "신년특집 - 왜 탄소중립 말하나]이대로 가다가는 식량작물 자취 감춘다 - 한국농정신문", "link": "https://m.blog.naver.com/haezoom/221775348263"}, {"alt": "환경 시리즈 2탄] 일상생활 속 탄소 배출이 환경에 미치는 영향과 국내 탄소배출량 현황 : 네이버 블로그", "link": "http://www.blueconomy.co.kr/news/articleView.html?idxno=247"}, {"alt": "IPCC, 유례없는 기후변화 경고⋯캘리포니아州 산불 역대 두번째 < 탄소중립 동향 < ESG경영 & 탄소중립 < 기사본문 - 청색경제뉴스", "link": "http://blog.lxinternational.com/29028/"}, {"alt": "탄소중립으로 향하는 물류의 길, 친환경 물류 | LX인터내셔널 공식 블로그", "link": "http://www.edupolnews.com/news/articleView.html?idxno=13767"}, {"alt": "탄소 중립 사회 만들기, '환경 교육'이 답이다 < 에듀Pick < 에듀트렌드 < 에듀NOW < 기사본문 - 교육정책뉴스", "link": "https://www.yna.co.kr/view/AKR20160224092700009"}, {"alt": "탄소배출 가능 총량 예상보다 훨씬 적어…10∼30년이면 고갈\" | 연합뉴스", "link": "https://ebook.gg.go.kr/src/viewer/main.php?host=main&site=20220427_102322&category=1&page=389&search=%B1%B9%C5%E4%C0%C7+%B0%E8%C8%B9+%B9%D7+%C0%CC%BF%EB%BF%A1+%B0%FC%C7%D1+%B9%FD%B7%FC_%C1%FA%C0%C7+%C8%B8%BD%C5+%BB%E7%B7%CA%C1%FD"}, {"alt": "2020 경기도 자연재해저감종합계획 | 389페이지", "link": "http://webzine.koita.or.kr/202103-specialissue/%ED%83%84%EC%86%8C%EC%A4%91%EB%A6%BD-%EC%8B%9C%EB%8C%80-%EC%84%B1%ED%81%BC%EC%84%B1%ED%81%BC%E2%80%A6-%EB%B0%9C-%EB%B9%A0%EB%A5%B4%EA%B2%8C-%EC%9B%80%EC%A7%81%EC%97%AC%EC%95%BC-%ED%95%A0-%EB%95%8C"}, {"alt": "탄소중립 시대 성큼성큼… 발 빠르게 움직여야 할 때 - 기술과혁신 웹진", "link": "https://www.bikem.co.kr/m/article.php?cnum=14190"}, {"alt": "바이크매거진-No.1 자전거 전문 매거진:자전거 타는 국회, 탄소중립 교통 시스템의 주역은?", "link": "https://www.2050cnc.go.kr/base/board/read?boardManagementNo=13&boardNo=162&page=2&searchCategory=&searchType=&searchWord=&menuLevel=2&menuNo=15"}, {"alt": "공지사항 2주차 이러닝 수강 안내 (08.17) < 자료실 < 법령·정책 | 2050 탄소중립녹색성장위원회", "link": "https://m.dongascience.com/news.php?idx=56644"}, {"alt": "북극에서 발생하거나, 끌 수 없거나...지구온난화 부추기는 산불\" : 동아사이언스", "link": "https://www.joongang.co.kr/article/12347442"}, {"alt": "식량·원자재값 뛰고 범죄 늘고 … 온난화 숨은 재앙 막아라 | 중앙일보", "link": "https://www.newsquest.co.kr/news/articleView.html?idxno=86909"}, {"alt": "자연재해, 주요 공급망 위협\"...中 홍수사태로 본 기후변화 단면 < 국제일반 < 국제 < 기사본문 - 뉴스퀘스트", "link": "http://wpkc.egloos.com/m/full_browser.php?returnurl=http%3A%2F%2Fwpkc.egloos.com%2F5387973"}, {"alt": "케찹만땅 : 세계 곳곳 `꺼지지 않는` 산불, 탄소 배출량도 최대", "link": "https://k-water.newsnstory.com/pages/story/MF/cont?rawid=505255"}, {"alt": "K-water, 공기업 최초 '기후위기경영 선언'-물, 자연 그리고 사람", "link": "https://granada21.tistory.com/73"}, {"alt": "탄소중립 뜻과 향후 추진 전략 살펴보기", "link": "http://www.shinailbo.co.kr/news/articleView.html?idxno=1587389"}, {"alt": "녹색환경보전협회, 기상이변·자연재해 극복 의지 다져 - 신아일보", "link": "https://www.ktl.re.kr/webzine/30/sub01.jsp"}, {"alt": "넓게 듣다", "link": "http://www.civicnews.com/news/articleView.html?idxno=31926"}, {"alt": "탄소중립' 어렵지 않아요!...지구의 온도를 내리는 10가지 방법 - CIVICNEWS(시빅뉴스)", "link": "https://thepublic.kr/news/newsview.php?ncode=1065588005123993"}, {"alt": "그래픽뉴스]탄소중립으로 가기 위한 첫걸음", "link": "https://www.kiri.or.kr/report/downloadFile.do?docId=211939"}, {"alt": "탄소 제거(CDR) 기술과 보험산업의 역할", "link": "https://www.joongang.co.kr/article/25032426"}, {"alt": "물·불 안가리고 지구 덮쳤다…12장 사진에 담긴 그들의 복수 | 중앙일보", "link": "https://www.enetnews.co.kr/news/articleView.html?idxno=4611"}, {"alt": "단독] 남미, 자연재해 극복할 신재생 에너지 차선책 모색에 주력 < 뉴스·이슈 < 기사본문 - 이넷뉴스", "link": "https://m.korea.kr/special/policyFocusView.do?newsId=148879574&pkgId=49500758"}, {"alt": "탄소중립, 세계가 함께 나아가야 할 방향입니다” - 정책포커스 | 기획&특집 | 대한민국 정책브리핑", "link": "http://www.knoc.co.kr/upload/EBOOK/sabo/187/www/sub08.jsp"}, {"alt": "Think Oil", "link": "https://www.greenpeace.org/korea/update/11540/blog-ce-korea-loves-australia-coal/"}, {"alt": "기후위기가 부른 '호주 초대형 산불'… 자연재해가 아닌 인재인 이유 - Greenpeace Korea | 그린피스", "link": "http://kid.chosun.com/site/data/html_dir/2021/08/09/2021080901523.html"}, {"alt": "끊이지 않는 대형 산불… 세계 탄소 배출량 역대 최대치 기록", "link": "http://corecle.co.kr/media/?q=YToxOntzOjEyOiJrZXl3b3JkX3R5cGUiO3M6MzoiYWxsIjt9&bmode=view&idx=7508625&t=board"}, {"alt": "똑똑똑' 두바이, 코어클의 문을 두드리다.! : 보도자료", "link": "https://v.daum.net/v/20210715190043832?f=p"}, {"alt": "내뿜는 탄소가 더 많아진 '지구의 허파'.. 아마존에 무슨 일이", "link": "https://twitter.com/i/status/1422727345471856642"}, {"alt": "한국기후·환경네트워크 on Twitter: \"기후변화로 전세계 곳곳에 물난리가 발생하고 있습니다 [자세히 보기]  https://t.co/S32eDAYXx9 #한국기후환경네트워크 #온실가스 #온실가스1인1톤줄이기 #탄소중립 #기후변화 #기후행동  #기후위기 #지구온난화 #홍수 #폭우 #폭염 ...", "link": "https://www.dbltv.com/news/articleView.html?idxno=20148"}, {"alt": "자연재해 막아주고 생물 다양성까지... '갯벌' 가치 연간 18조 < 환경.복지 < 뉴스 < 기사본문 - 뉴스탑전남", "link": "http://www.newsfm.kr/mobile/article.html?no=6920"}, {"alt": "탄소중립 농업] 식량시스템이 세계 온실가스 최대 배출", "link": "https://cm.asiae.co.kr/article/2022062314365359344"}, {"alt": "탄소 배출 20% 감소…주 4일 근무제, 환경에도 영향\"[찐비트] - 아시아경제", "link": "https://magazine.hankyung.com/business/article/202203301657b"}, {"alt": "탄소 중립의 거센 물결 골든타임 30년 │ 매거진한경", "link": "https://www.hani.co.kr/arti/PRINT/979698.html"}, {"alt": "탄소중립으로 가는 길 놓치지 말아야 할 것 : 환경 : 사회 : 뉴스 : 한겨레", "link": "https://www.aitimes.kr/news/articleViewAmp.html?idxno=22705"}, {"alt": "인공지능으로 기업이 홍수·산불 등 기상 이변 예측하고 대응한다!... IBM, AI 소프트웨어 '인바이런멘털 인텔리전스 스위트' 발표 |", "link": "https://www.oxfam.or.kr/content_2022-shs-climate-crisis-flood/"}, {"alt": "기후위기로 물이 넘치는 고통 속에 사는 사람들 | 옥스팜", "link": "http://m.newscham.net/news/view.php?board=news&nid=106468&page=1&category1=2"}, {"alt": "참세상 기사게시판 :: 기사 :: 숫자놀음은 이제 그만, 불평등 체제를 바꿔야 한다 - <font color=\"red\">[녹색  스트라이크]</font>", "link": "https://box.donus.org/box/greenfund/savetheforest"}, {"alt": "맹그로브 함께 심어요!", "link": "https://newsroom.posco.com/kr/%ED%94%84%EB%A1%9C-%EB%8B%A4%EC%9D%B4%EC%96%B4%ED%84%B0%EA%B0%80-%EB%AA%A9%ED%91%9C-%EC%9A%B0%EB%A6%AC%EC%9D%98-%EC%9D%BC%EC%83%81-%EC%86%8D-%ED%83%84%EC%86%8C-%EB%8B%A4%EC%9D%B4%EC%96%B4%ED%8A%B8/"}, {"alt": "슬기로운 탄소중립 생활 4편] 프로 다이어터가 목표! 일상 속 '탄소 다이어트' 방법 – 포스코뉴스룸", "link": "https://climateaction.tistory.com/737"}, {"alt": "지구의 허파' 아마존, 탄소배출원으로 변하나?", "link": "http://pokason.labzine.co.kr/resources/image/affae47c-a4a8-4f98-8668-ffbc181077d9.pdf"}, {"alt": "레이아웃 1", "link": "https://post.naver.com/viewer/postView.nhn?volumeNo=31186862&memberNo=6928292"}, {"alt": "이제는 탄소중립 시대! 탄소중립에 대해 함께 알아봐요! : 네이버 포스트", "link": "https://shop.hansalim.or.kr/shopping/story/storyView.do?HSLIM_STORY_ID=NE202206080003&SEARCH_KEYWORD=&ORDER_BY_CD=00"}, {"alt": "한살림 장보기 :: 지구를 살리는 뜻깊은 생활실천, 한살림", "link": "http://www.newspago.com/98448"}, {"alt": "뉴스파고] 충남도, '도민과 함께 탄소중립 2050 실천' 행사 진행", "link": "http://m.kbsm.net/view.php?idx=309659"}, {"alt": "포항 GreenWay 프로젝트`… 싱그러운 자연과 함께하는 도시 만든다 - 경북신문", "link": "https://www.cctvnews.co.kr/news/articleView.html?idxno=232012"}, {"alt": "이슈분석] 실질적인 재난으로 다가온 기후 변화, 우리 정부의 대책은? - CCTV뉴스 - 석주원 기자", "link": "https://m.dongascience.com/news.php?idx=52933"}, {"alt": "탄소중립 연속기고] 기후위기 시대 무엇을 준비해야 할까 : 동아사이언스", "link": "http://ecopermad.blogspot.com/2012/01/kb.html"}, {"alt": "에코펌 제품소개: 안산 kb 탄소중립의 숲 안내판 및 의자 설치", "link": "http://www.greenpostkorea.co.kr/news/articleView.html?idxno=129855"}, {"alt": "과학자와 경제학자가 보는 글로벌 기후위기 < 날씨와 하늘 < 기후위기 < 기사본문 - 그린포스트코리아", "link": "https://www.lifein.news/news/articleView.html?idxno=13894"}, {"alt": "카드뉴스] 동해안 산불이 기후위기 때문이라고? - 라이프인", "link": "https://sdf.or.kr/m/newsletter/10000001061"}, {"alt": "2030년, 밀린 청구서가 쏟아진다! | SDF다이어리", "link": "https://www.dailyimpact.co.kr/news/articleView.html?idxno=70660"}, {"alt": "한국자연재난협회, 국제기후환경센터와 자연재난 피해예방 '맞손' < 산업 < 기업·경영 < 기사본문 - 데일리임팩트", "link": "https://www.keep.go.kr/portal/141?action=read&action-value=2e5270c0d05b22f56695e50a4a02b760&page=4&search_word=%EC%9E%A3%EB%82%98%EB%AC%B4"}, {"alt": "탄소중립회화_기후변화로 인한 피해는 무엇이 있을까?< 교육자료 < 자료실 : 환경교육포털", "link": "https://www.kehcnews.co.kr/news/articleView.html?idxno=138716"}, {"alt": "2021 사순절 '경건한 40일, 탄소금식'과 함께 < 교단 < 뉴스 < 기사본문 - 한국성결신문", "link": "http://www.ngonews.kr/132571"}, {"alt": "한국NGO신문] WWF, “기후변화 적응력 강화·탄소 배출 감소 노력 가속화해야”", "link": "http://www.kharn.kr/news/article_print.html?no=3146"}, {"alt": "냉난방공조 신재생 녹색건축 전문저널'칸'", "link": "http://www.ikoreanspirit.com/news/articleView.html?idxno=68561"}, {"alt": "탄소중립 실현을 위한 대응에 적극 나선다 - K스피릿", "link": "http://www.jbnews.com/news/articleView.html?idxno=1342329"}, {"alt": "기후위기 대응·탄소중립 실현 머리 맞대다 < 환경 < 사회 < 기사본문 - 중부매일 - 충청권 대표 뉴스 플랫폼", "link": "http://www.tynewspaper.co.kr/news/articleView.html?idxno=12045"}, {"alt": "농협통영시지부, 탄소중립 실천 캠페인 < 사회경제 < 뉴스 < 기사본문 - 통영신문", "link": "https://www.seoul.co.kr/news/newsView.php?id=20181227500114"}, {"alt": "올해 기후변화로 인한 자연재해 피해규모 56조원 훌쩍 넘어 | 서울신문", "link": "https://www.korea.kr/news/visualNewsView.do?newsId=148890013"}, {"alt": "궁금해요! 2050 탄소중립 - 카드/한컷 | 뉴스 | 대한민국 정책브리핑", "link": "http://www.jeonbuktimes.co.kr/news/view.asp?idx=122712"}, {"alt": "전북타임즈신문", "link": "http://www.bzeronews.com/news/articleView.html?idxno=506847"}, {"alt": "김연준 환경칼럼] 탄소의 사회적 비용(SCC) - 불교공뉴스", "link": "https://www.kist.re.kr/kist_web/?state=view&sub_num=4088&searchKind=&searchWord=&v_pagesize=10&v_page=2&idx=10971&seqNo=13"}, {"alt": "KIST 한국과학기술연구원 | 알림공간 > 채용·일반공지 > 일반공지", "link": "https://www.s-journal.co.kr/news/articleView.html?idxno=3837"}, {"alt": "기후의 역습] 미국, 지난 30년간 수해 피해 750억 달러 < 탄소중립 < 기사본문 - S-저널", "link": "http://m.jadam.kr/news/articleView.html?idxno=7208"}, {"alt": "자닮 모바일 사이트, 전 세계 해양으로 유입되는 다량의 숯과 탄소 순환", "link": "http://www.dailydgnews.com/news/article.html?no=114113"}, {"alt": "상주시, 탄소중립 생활 실천 공감대 확산", "link": "http://www.econew.co.kr/news/articleView.html?idxno=2192"}, {"alt": "자연기반해법'에 바탕을 둔 탄소중립 달성, 어떻게 해야 하나 - 글로벌환경신문", "link": "http://www.daeho.ms.kr/wah/main/bbs/board/view.htm?menuCode=118&pageNo=1&scale=10&searchField=&searchKeyword=&cateCode=&domain.topThread=2453&domain.depth=0&domain.dataNo=6745"}, {"alt": "학부모마당>가정통신문 : 탄소중립 생활실천 가정통신문", "link": "https://news.jtbc.co.kr/article/article.aspx?news_id=NB12063119"}, {"alt": "박상욱의 기후 1.5] 자연이 선물한 '보물' 습지 (중) 훼손하면 열리는 판도라의 상자 | JTBC 뉴스", "link": "https://www.etoday.co.kr/news/view/2010727"}, {"alt": "과학 놀이터] 탄소중립 시대, 탄소나노소재의 가능성 - 이투데이", "link": "http://blog.yes24.com/document/13484846"}, {"alt": "탄소 사회의 종말 도서 리뷰 : 탄소 사회의 종말 | YES24 블로그 - 내 삶의 쉼표", "link": "https://m.dongascience.com/news.php?idx=52933"}, {"alt": "탄소중립 연속기고] 기후위기 시대 무엇을 준비해야 할까 : 동아사이언스", "link": "https://www.mk.co.kr/news/world/view/2022/10/926397/"}, {"alt": "250개 의과학저널 \"기후변화 책임 선진국이 아프리카 지원해야\" - 매일경제", "link": "https://www.kigam.re.kr/gallery.es?mid=a10703030000&bid=0005&list_no=3152&act=view"}, {"alt": "지금, 우리의 지구를 위한 탄소중립 | R&D 하이라이트 | 연구원소식 | 알림마당 : KIGAM 한국지질자원연구원", "link": "http://www.sjbnews.com/news/print.php?code=li_news&number=742120"}, {"alt": "새전북신문", "link": "http://news.bbsi.co.kr/news/articleView.html?idxno=3040714"}, {"alt": "기후변화 영향 7월 전세계 산불 최악…탄소배출량 사상 최대 < 국제 < 기사본문 - BBS NEWS", "link": "https://www.fksm.co.kr/news/view.php?idx=59477"}, {"alt": "폐기물 규제 11개 기준 감소로 처리 부담 줄인다", "link": "https://m.nongmin.com/nature/NAT/LVN/334562/view"}, {"alt": "생활 속 탄소 줄이기] 지구온난화 멈추기, 우리가 해낼 거야! - 농민신문", "link": "https://www.2050cnc.go.kr/flexer/view/BOARD_ATTACH?storageNo=116"}, {"alt": "1세션(2)] 흡수원_산림의 탄소흡수능력 강화 방안.pdf", "link": "https://mobile.newsis.com/view.html?ar_id=NISX20190528_0000663506"}, {"alt": "남아공 새 '탄소세법'에 찬반논쟁.. 환경단체는 환영", "link": "https://www.greenpeace.org/korea/update/11540/blog-ce-korea-loves-australia-coal/"}, {"alt": "기후위기가 부른 '호주 초대형 산불'… 자연재해가 아닌 인재인 이유 - Greenpeace Korea | 그린피스", "link": "https://twitter.com/search?q=%23%ED%83%84%EC%86%8C%EB%B0%B0%EC%B6%9C&f=live"}, {"alt": "탄소배출 - Twitter Search / Twitter", "link": "http://www.nongupin.co.kr/news/articleView.html?idxno=28315"}, {"alt": "인테러뱅 < 특집기획 < 기사본문 - 농업인신문", "link": "https://m.khan.co.kr/economy/economy-general/article/202110281615001"}, {"alt": "한은 “탄소중립 대응 못하면 성장률 하락…대출담보에 녹색채권 추가” - 경향신문", "link": "http://www.newsfm.kr/mobile/article.html?no=6920"}, {"alt": "탄소중립 농업] 식량시스템이 세계 온실가스 최대 배출", "link": "http://www.jeonbuktimes.co.kr/news/view.asp?idx=122712"}, {"alt": "전북타임즈신문", "link": "https://ms-my.facebook.com/SigongNuri/photos/pcb.2081193508717496/2081193405384173/?type=3&__tn__=HH-R&eid=ARCP3Rib1A_nGQ7Ksg85kdheaD938qsWkaEE-Mjs3EaydSeCozHGb4lovTPD7lXgsIbhkXC9jjTdkWH4"}, {"alt": "누리놀이-유아교육의 모든것 - 누리놀이-유아교육의 모든것 telah menambah foto baru", "link": "https://ecosophialab.com/%EB%AA%A8%EB%91%90%EA%B0%80-%EA%B8%B0%ED%9B%84%EC%9C%84%EA%B8%B0%EC%9D%98-%EA%B0%80%ED%95%B4%EC%9E%90%EC%9D%B4%EA%B3%A0-%ED%94%BC%ED%95%B4%EC%9E%90%EB%9D%BC%EB%8A%94-%EA%B7%B8/"}, {"alt": "모두가 기후위기의 가해자이고 피해자”라는 그럴듯한 착각 – 생태적지혜", "link": "https://numbers.co.kr/%EA%B8%88%EC%9C%B5%EC%82%AC-%ED%83%84%EC%86%8C%EC%A0%9C%EB%A1%9C-%EA%B2%BD%EC%98%81-%EC%A0%9C%EB%8C%80%EB%A1%9C-%EC%95%8C%EA%B8%B0%ED%83%88%ED%83%84%EC%86%8C-%EC%95%84%EB%8B%88%EB%8B%A4/"}, {"alt": "금융사 '탄소제로' 경영 제대로 알기…탈탄소 아니다① - 넘버스", "link": "https://hopebridge.tistory.com/2"}, {"alt": "기후난민, 우리가 만들었습니다", "link": "https://www.insight.co.kr/news/349164"}, {"alt": "바닷속 '고래', 기후 위기 막으려 평생 이산화탄소 33t 흡수하고 있었다 - 인사이트", "link": "http://m.solartodaymag.com/news/articleView.html?idxno=5117"}, {"alt": "솔라투데이 탄소제로 모바일 사이트, 미세먼지 저감 대책으로 신재생에너지 설비 설치 확대한다", "link": "http://www.civicnews.com/news/articleView.html?idxno=31926"}, {"alt": "탄소중립' 어렵지 않아요!...지구의 온도를 내리는 10가지 방법 - CIVICNEWS(시빅뉴스)", "link": "https://www.incheonin.com/news/articleView.html?idxno=82430"}, {"alt": "도시숲, 2050 탄소중립 - 그린벨트 풀어 집 짓고? - 인천in 시민의 손으로 만드는 인터넷신문", "link": "https://www.goeonair.com/mobile/article.html?no=27505"}, {"alt": "김하선의 환경 칼럼] 우리의 식탄 위 탄소", "link": "http://www.hamgil.or.kr/%EC%97%90%EB%84%88%EC%A7%80%EA%B8%B0%ED%9B%84%EB%B3%80%ED%99%94/%ED%95%9C%EB%B0%98%EB%8F%84-%EA%B8%B0%ED%9B%84%EB%B3%80%ED%99%94%EC%9D%98-%ED%98%84%EC%9E%A5"}, {"alt": "한반도 기후변화의 현장 | 에코뷰", "link": "https://www.yna.co.kr/view/AKR20211007006400094"}, {"alt": "브라질, 내달 유엔 기후회의서 1천억달러 금융지원 요청할 듯 | 연합뉴스", "link": "https://v.daum.net/v/20220307195400774"}, {"alt": "산림전문가들의 지적 \"산에 불쏘시개가 너무 많다\" [탄소 후 미래]", "link": "http://m.airmen.co.kr/news_gisa/gisa_view.htm?gisa_category=04000000&gisa_idx=39803"}, {"alt": "2027년까지 시설원예·축사 30% 스마트화…로봇·AI로 농업혁신", "link": "https://home.kpmg/kr/ko/home/insights/2018/09/issue-monitor-201809.html"}, {"alt": "진화하는 배출권거래제(ETS) 시장과 기업의 탄소비용 대응방향 - KPMG 한국", "link": "https://m.hanwha.co.kr/media/discover/view.do?seq=4165"}, {"alt": "지구를 위한 한화의 탄소중립 실천법 | 한화저널 | 한화그룹", "link": "http://www.dailychina.co.kr/4636"}, {"alt": "데일리차이나] 중국의 자연재해와 지구 온난화", "link": "http://rm.samsungfire.com/business/management/management_03.html"}, {"alt": "환경 < 업무분야 | 삼성화재 Global Loss Control Center", "link": "https://m.dongascience.com/news.php?idx=55214"}, {"alt": "이덕환의 과학세상]점점 심각해지는 기상이변, 탄소중립만으로 해결될까? : 동아사이언스", "link": "https://familyseoul.or.kr/node/14762"}, {"alt": "노원구] 탄소 다이어트 캠페인 '에코싱글즈 3기' | 패밀리서울(서울가족포털) - 서울시가족센터", "link": "https://m.dailian.co.kr/news/view/1116084"}, {"alt": "D:로그인㉟] 탄소 중립·기후위기 극복 열쇠는 '사람'…국립환경인재개발원", "link": "https://greennews360.com/%EC%A7%80%EA%B5%AC-%EC%98%A8%EB%82%9C%ED%99%94-%EC%9E%90%EC%97%B0-%EC%9E%AC%ED%95%B4-%EA%B8%B0%ED%9B%84-%EB%B3%80%ED%99%94-%EB%AC%B8%EC%A0%9C/"}, {"alt": "지구 온난화 결과 - 자연 재해 5가지 - Green News 360", "link": "https://www.dknyou.com/blog/?q=YToxOntzOjEyOiJrZXl3b3JkX3R5cGUiO3M6MzoiYWxsIjt9&bmode=view&idx=7582361&t=board"}, {"alt": "탄소중립! 다들 실천하고 계신가요? : Dongkuk Systems Portal", "link": "https://www.newspenguin.com/news/articleView.html?idxno=4530"}, {"alt": "기후위기 대응이 돈이 되는 시대… \"고탄소 가고 친환경 뜬다\" < 기후와 경제 < 기사본문 - 뉴스펭귄", "link": "https://m.knoc.co.kr/sub02/sub02_3_1_3.jsp"}, {"alt": "한국석유공사", "link": "http://news.kmib.co.kr/article/view.asp?arcid=0017313419&code=61121111&sid1=hon"}, {"alt": "기후 위기, 나무가 희망이다②] '탄소중립' 이끌 최적의 친환경 수단-국민일보", "link": "https://www.infobae.com/kr/2022/03/23/climate-change-wildfire-smoke-accelerates-warming-in-the-arctic/"}, {"alt": "기후 변화: 산불 연기로 북극의 온난화 가속화 - Infobae", "link": "https://cm.asiae.co.kr/article/2020012423513159929"}, {"alt": "금지된 '온실가스' 오히려 폭증.. 중국에 쏠리는 눈 - 아시아경제", "link": "https://www.youtube.com/watch?v=GrMCf4PrKsQ"}, {"alt": "다큐S프라임] 탄소중립, 지구의 마지막 1℃ / YTN 사이언스 - YouTube", "link": "http://m.kwangju.co.kr/article.php?aid=1214304551305320023"}, {"alt": "광주일보", "link": "https://www.donga.com/news/Society/article/all/20220718/114505618/1"}, {"alt": "자연재해 취약 시설물 630개…부산 70개-경기도 102개 : 뉴스 : 동아일보", "link": "https://www.sciencetimes.co.kr/news/%EC%9D%B4%EC%82%B0%ED%99%94%ED%83%84%EC%86%8C%EA%B0%80-%EC%A7%80%EA%B5%AC%EC%98%A8%EB%82%9C%ED%99%94-%EB%8A%A6%EC%B6%98%EB%8B%A4/"}, {"alt": "이산화탄소가 지구온난화 늦춘다? – Sciencetimes", "link": "https://twitter.com/i/status/1422727345471856642"}, {"alt": "한국기후·환경네트워크 on Twitter: \"기후변화로 전세계 곳곳에 물난리가 발생하고 있습니다 [자세히 보기]  https://t.co/S32eDAYXx9 #한국기후환경네트워크 #온실가스 #온실가스1인1톤줄이기 #탄소중립 #기후변화 #기후행동  #기후위기 #지구온난화 #홍수 #폭우 #폭염 ...", "link": "http://m.news.hallym.ac.kr/news/articleView.html?idxno=11456"}, {"alt": "한림학보 모바일 사이트, [시사상식] 신문에서 보는 시사상식", "link": "https://www.hani.co.kr/arti/society/environment/1051675.html"}, {"alt": "지난 50년 태풍·가뭄 등 자연재해 4~5배 ↑…사망자수는 3배 ↓ : 환경 : 사회 : 뉴스 : 한겨레모바일", "link": "http://www.naewoeilbo.com/news/articleView.html?idxno=602879"}, {"alt": "충청남도, 도민과 함께 탄소중립 2050 실천 < 충남 < 전국 < 기사본문 - 내외일보", "link": "http://m.kmib.co.kr/view.asp?arcid=0923999962"}, {"alt": "포토] 자연재해·대기오염… 검붉게 멍든 지구 - 국민일보", "link": "https://box.donus.org/box/greenfund/savetheforest"}, {"alt": "맹그로브 함께 심어요!", "link": "https://www.eroun.net/news/articleView.html?idxno=10007"}, {"alt": "사람의 생명을 구하는 스리랑카의 '망그로브 숲' - CNN < 글로벌 < 기사본문 - 이로운넷", "link": "https://www.insight.co.kr/news/349164"}, {"alt": "바닷속 '고래', 기후 위기 막으려 평생 이산화탄소 33t 흡수하고 있었다 - 인사이트", "link": "https://geotimes.tistory.com/entry/%EB%B2%A0%EC%A7%B1%EC%9D%B4-%EB%91%90%EB%A6%AC%EC%8C%A4-%ED%95%9C%EA%B5%AD%EC%A7%80%EB%A6%AC-33%EA%B0%95-%EA%B8%B0%ED%9B%84-%EB%B3%80%ED%99%94%EC%99%80-%EC%9E%90%EC%97%B0%EC%9E%AC%ED%95%B4%ED%99%8D%EC%88%98%EA%B0%80%EB%AD%84%ED%8F%AD%EC%84%A4%ED%83%9C%ED%92%8D%EC%A7%80%EC%A7%84%EC%82%B0%EC%82%AC%ED%83%9C"}, {"alt": "베짱이 두리쌤 한국지리] 3-3강 기후 변화와 자연재해(홍수/가뭄/폭설/태풍/지진/산사태)", "link": "http://www.hkbs.co.kr/news/articleView.html?idxno=332771"}, {"alt": "진주시, 올해 자연 재해 선제적 대응으로 피해 적어 < 영남권 < 전국네트워크 < 기사본문 - 환경일보", "link": "https://www.etoday.co.kr/news/view/2097985"}, {"alt": "종합] 한은 \"기업 경쟁력 지표로 '탄소 생산성' 정책 반영 필요\" - 이투데이", "link": "https://futurechosun.com/archives/66020"}, {"alt": "오래 산 나무는 탄소흡수 못 한다?... 수령 150년 고목도 상당량 흡수” - 더나은미래", "link": "http://www.gdaily.kr/bbs/board.php?bo_table=news&wr_id=14865"}, {"alt": "최고의 탄소흡수원' 나무 200만 그루 심는다 > 뉴스 | 지데일리", "link": "https://www.daejeon.go.kr/drh/DrhContentsHtmlView.do?menuSeq=6650"}, {"alt": "탄소중립 | 대전광역시청", "link": "https://m.nongmin.com/news/NEWS/POL/ASM/327003/view"}, {"alt": "국정감사 맥 짚기] 농업, 자연재난 피해 심각…온난화 대응 상황 철저한 점검을 - 농민신문", "link": "https://m.blog.naver.com/1788226/222045309280"}, {"alt": "기후변화의 심각성-자연재해, 산업, 경제에 얼마나 큰 타격일까? 다음 새대를 위해 무엇을 준비해야 할까?-1 : 네이버 블로그", "link": "https://ms-my.facebook.com/nie.re.kr/posts/4465040073612817/"}, {"alt": "국립생태원 - \"21C말 6차 생물 대멸종 경고\" 기후변화는 생물다양성 위협의 주요 원인 중 하나이며,... | Facebook", "link": "http://www.ecolaw.co.kr/news/articleView.html?idxno=13328"}, {"alt": "지구 온난화에 남긴 내 생활 속 탄소(CO₂)발자국 - 환경법률신문", "link": "http://www.incheonilbo.com/news/articleView.html?idxno=437382"}, {"alt": "자연재해 심각 … 기후변화 대처해야\" - 인천일보", "link": "http://www.knnews.co.kr/news/articleView.php?idxno=1373514"}, {"alt": "국립산청호국원 '보훈의 숲 조성, 나무심기' 행사 개최 :: 경남신문", "link": "https://knps.or.kr/portal/file/cdown.do?tfId=TF010&fileId=8aXnWYDkM55WARsvTJUutA%3D%3D&fileNo=0"}, {"alt": "Untitled", "link": "http://www.sanlim.kr/news/view.php?no=58964"}, {"alt": "탄소중립 실현, 산림재해 예방은 나무심기로 부터...", "link": "https://www.newsje.com/news/articleView.html?idxno=205319"}, {"alt": "기후변화가 정말 날씨를 더 극단적으로 만들까요?\" - 제주환경일보", "link": "https://www.kistep.re.kr/flexer/view.jsp?FileDir=/board/0033&SystemFileName=1614231302581.pdf&ftype=pdf&FileName=1614231302581.pdf"}, {"alt": "1614231302581.pdf", "link": "https://www.fsc.go.kr/no040104?curPage=4"}, {"alt": "웹툰 - 홍보자료 - 알림마당 - 금융위원회", "link": "https://www.contestkorea.com/sub/view.php?int_gbn=1&Txt_bcode=030510001&str_no=202210040002"}, {"alt": "대회·공모전 > IT•소프트웨어•게임 - 콘테스트코리아", "link": "https://www.korea.kr/news/policyNewsView.do?newsId=148887977"}, {"alt": "탄소중립, 어디까지 알고 있니?- ① - 정책뉴스 | 뉴스 | 대한민국 정책브리핑", "link": "http://health.re.kr/?p=8420"}, {"alt": "기후위기 대응, '하는 척'을 넘어서 | 시민건강연구소", "link": "https://www.yna.co.kr/view/AKR20220307115400062"}, {"alt": "동해안 산불] 최근 산불 대형화 이유는?…\"나무 많아졌기 때문\" | 연합뉴스", "link": "https://www.ktv.go.kr/news/latest/view?content_id=635552"}, {"alt": "2050 탄소중립 시나리오 확정···순배출량 '제로' | 뉴스 - 최신뉴스 | KTV 국민방송", "link": "https://www.ajunews.com/view/20220614133540404"}, {"alt": "기후금융 경쟁] '탄소중립'에 눈독 들이는 금융권…수장들도 팔 걷었다 | 아주경제", "link": "https://www.lafent.com/mbweb/news/view.html?news_id=131324"}, {"alt": "강릉시, 해안변 녹지축 공원화···자연재해‧난개발 방지 [라펜트 모바일웹 조경뉴스]", "link": "https://www.impacton.net/news/articleView.html?idxno=4806"}, {"alt": "각광받는 해상 풍력, 개보수와 자연재해 등 위험 요소도 증가 < Trend Analysis < 글로벌 < 기사본문 - IMPACT  ON(임팩트온)", "link": "https://www.kigam.re.kr/gallery.es?mid=a10703030000&bid=0005&list_no=3152&act=view"}, {"alt": "지금, 우리의 지구를 위한 탄소중립 | R&D 하이라이트 | 연구원소식 | 알림마당 : KIGAM 한국지질자원연구원", "link": "https://alook.so/posts/M9tEeO7"}, {"alt": "탄소중립? 바이오매스! - alookso", "link": "https://www.donga.com/news/Vote2016/3/all/20210918/109320905/1"}, {"alt": "유엔 “이대로면 기후 대재앙 직면”…2050년 온도 2.7도↑ : 뉴스 : 동아일보", "link": "https://cm.asiae.co.kr/article/2021042004165166641"}, {"alt": "美 \"기후 변화 관련 산업서 中에 뒤지고 있다\" - 아시아경제", "link": "https://www.forest.go.kr/kfsweb/cop/bbs/selectBoardArticle.do?bbsId=BBSMSTR_1036&mn=NKFS_04_02_01&nttId=3154431"}, {"alt": "산림청 - 행정정보 > 산림행정미디어센터 > 보도자료 > 2050년까지 30억 그루의 나무심어 탄소 3,400만톤 줄인다", "link": "http://global-autonews.com/bbs/board.php?bo_table=bd_028&wr_id=191"}, {"alt": "183. 탈 탄소, RE 100, EU텍소노미, 그리고 탄소중립 > 채영석의 글로벌인사이트 | 글로벌오토뉴스", "link": "http://dginews.co.kr/ArticleView.asp?pcfrom=mobile&intNum=89300&ASection=001001"}, {"alt": "대구인터넷뉴스", "link": "http://kfem.or.kr/?p=218170"}, {"alt": "🔥🌏사진으로 보는 올해의 기후위기🌏🔥] | 환경운동연합", "link": "https://www.gyeongnam.go.kr/board/view.gyeong?boardId=BBS_0000049&menuCd=DOM_000001601001000000&startPage=1&dataSid=41759888"}, {"alt": "도정뉴스 | 경남이야기-경상남도 인터넷뉴스", "link": "https://www.hani.co.kr/arti/PRINT/987895.html"}, {"alt": "탄소 감축 목표 성큼 다가선 영국·독일, 비결은? : 환경 : 사회 : 뉴스 : 한겨레", "link": "http://www.fntoday.co.kr/news/articleView.html?idxno=266456"}, {"alt": "주변국 원전에 다시 눈길 줘도…메르켈 \"탈원전이 옳다\" - 파이낸스투데이", "link": "http://blog.yes24.com/document/8363752"}, {"alt": "탄소는 억울해! 도서 리뷰 : [상상의집] 탄소는 억울해! : 탄소에 숨겨진 놀라운 이야기 | YES24 블로그 - 내 삶의 쉼표", "link": "http://www.busaneconomy.com/news/articleView.html?idxno=264767"}, {"alt": "APCC-부산기후변화협의체, 부산 기후변화 포럼 개최 < 사회 < 뉴스 < 기사본문 - 부산제일경제", "link": "https://news.kbs.co.kr/news/view.do?ncd=5040804"}, {"alt": "기후변화, 위기를 기회로]③ '탄소 감축' 애플, 구글이 뛰어든 이유는?", "link": "http://www.agoranews.kr/news/articleView.html?idxno=30344"}, {"alt": "계속되는 자연재해 다음은 전쟁 < 농업/환경 < 뉴스 < 기사본문 - 순천광장신문", "link": "http://www.newsfreezone.co.kr/news/articleView.html?idxno=76753"}, {"alt": "지구온난화,이산화탄소를 내뿜지 않는 저탄소 녹색도시 - 뉴스프리존", "link": "https://biz.chosun.com/international/international_economy/2021/11/16/NGPUNVRQYFCI7ECMH26XVOZCWA/"}, {"alt": "기후변화는 실재하는 위협”...탄소감축이 돈되는 시대 왔다 - 조선비즈", "link": "https://bbs.ruliweb.com/community/board/300143/read/58082996"}, {"alt": "사실상 지구 온난화를 자연재해로 받아들일수밖에 없는 이유 | 유머 게시판", "link": "http://www.sanlim.kr/news/print.php?no=55135"}, {"alt": "대한민국 대표 산림신문", "link": "http://www.shinmoongo.net/154712"}, {"alt": "신문고] 기후위기 대응력 강화…해양수산 탄소중립 대전환 돌입", "link": "https://www.maeulmedia.org/board/contents_paper/view/no/19"}, {"alt": "서울마을미디어지원센터", "link": "https://oxfam.or.kr/%EC%83%81%EC%9C%84-1-%EB%B6%80%EC%9C%A0%EC%B8%B5%EC%9D%B4-%ED%95%98%EC%9C%84-50-%EB%B9%88%EA%B3%A4%EC%B8%B5%EB%B3%B4%EB%8B%A4-%ED%83%84%EC%86%8C-2%EB%B0%B0-%EB%B0%B0%EC%B6%9C/"}, {"alt": "상위 1% 부유층이 하위 50% 빈곤층보다 탄소 2배 배출?! | 옥스팜", "link": "https://m.gettyimagesbank.com/view/%ED%83%84%EC%86%8C%EC%A4%91%EB%A6%BD-%EC%9E%90%EC%97%B0-%EC%A3%BC%EC%A0%9C-%EC%9E%AC%EC%83%9D%EC%97%90%EB%84%88%EC%A7%80-%EC%97%B0%EB%A3%8C%EC%99%80%EC%A0%84%EB%A0%A5%EB%B0%9C%EC%A0%84-%EB%82%98%EB%AC%B4-%EC%9E%90%EC%97%B0%EC%9E%AC%ED%95%B4-%EC%82%AC%EB%A7%89%ED%99%94/jv12243572"}]}