{"title": [{"alt": "광주광역시 상수도사업본부_덕남정수사업소 탄소배출량"}, {"alt": "광주광역시 상수도사업본부_용연정수사업소 탄소배출량"}, {"alt": "한국환경산업기술원_제품 탄소배출량 산정 작성지침 매뉴얼(2014년)"}, {"alt": "한국환경공단_탄소포인트제 전기 사용량"}, {"alt": "한국환경공단_탄소포인트제 도시가스 사용량"}, {"alt": "한국환경공단_탄소포인트제 상수도 사용량"}, {"alt": "인천광역시_대기오염 배출량"}, {"alt": "광주광역시_대기오염 배출량"}, {"alt": "한국환경공단_탄소포인트제 데이터이력관리용 목록(사용량 관련)"}, {"alt": "한국환경공단_국가 다이옥신 배출계수 및 배출량"}, {"alt": "한국남동발전㈜_온배수 배출량"}, {"alt": "한국가스공사_폐기물배출량"}, {"alt": "한국가스공사_대기오염물질 배출량"}, {"alt": "한국동서발전(주)_대기오염 물질 배출량"}, {"alt": "한국서부발전(주)_온배수배출량"}, {"alt": "한국수력원자력(주)_온실가스 배출량"}, {"alt": "사립학교교직원연금공단_온실가스 배출량"}, {"alt": "한국지방재정공제회_에너지 절약 및 탄소배출 저감을 위한 간판조명 개선 연구(2010)"}, {"alt": "산림청_산림탄소모아시스템_산림탄소 인증 정보"}, {"alt": "한국수자원공사_온실가스 배출량 및 에너지 사용량"}, {"alt": "한국가스공사_연간 온실가스 배출량"}, {"alt": "서울특별시_대기오염물질 일별 배출량"}, {"alt": "한국남부발전(주)_온실가스 배출량 정보"}, {"alt": "국토교통부_국내 온실가스 배출량"}, {"alt": "국토교통부_국외 온실가스 배출량"}, {"alt": "국토교통부_도로 온실가스 배출량"}, {"alt": "국토교통부_철도 온실가스 배출량"}, {"alt": "국토교통부_항공 온실가스 배출량"}, {"alt": "국토교통부_해운 온실가스 배출량"}, {"alt": "경상남도_창원시_온실가스배출량"}, {"alt": "한국지역난방공사 온실가스 배출량 정보"}, {"alt": "한국수자원공사_온실가스 배출량 이행률"}, {"alt": "서울특별시 성북구_쓰레기배출량추이"}, {"alt": "인천광역시_온실가스 배출량 현황"}, {"alt": "전라북도 순창군_음식물 쓰레기 배출량(2015-2020)"}, {"alt": "서울특별시 양천구_구역별쓰레기배출량"}, {"alt": "경기도_시군별 온실가스 배출량"}, {"alt": "한국남부발전(주)_대기오염물질 배출량 현황"}, {"alt": "인천광역시 남동구_생활쓰레기 배출량"}, {"alt": "한국수력원자력(주)_온실가스 배출권 할당량"}, {"alt": "서울특별시 서대문구_구역별 쓰레기배출량"}, {"alt": "우체국물류지원단_시설별 온실가스 배출량"}, {"alt": "한국조폐공사_수질오염물질 배출량 현황"}, {"alt": "부산광역시 영도구_생활쓰레기 배출량 현황"}, {"alt": "한국남동발전㈜_영흥 발전 먼지 배출량_현황"}, {"alt": "서울특별시 강서구_행정동별 쓰레기 배출량"}, {"alt": "부산광역시 남구_연간쓰레기배출량현황"}, {"alt": "한국환경공단_지자체별 RFID음식물쓰레기 배출량"}, {"alt": "경기도_산업분야별 온실가스 배출량"}, {"alt": "경기도_ 광역시도별 온실가스 배출량"}, {"alt": "한국환경공단_수질TMS 사업장 연간배출량"}, {"alt": "서울특별시 중랑구_생활폐기물 배출량"}, {"alt": "서울특별시 강남구_생활폐기물배출량"}, {"alt": "부산광역시_공공기관 온실가스 배출량 현황"}, {"alt": "한국가스공사_탄소 정책 현황"}, {"alt": "환경부 온실가스종합정보센터_국가 온실가스 인벤토리 배출량"}, {"alt": "경상북도 안동시_대기배출시설_연료_사용량"}, {"alt": "환경부 온실가스종합정보센터_관리업체 명세서 배출량"}, {"alt": "국토교통부_교통부문 온실가스 배출량 현황"}, {"alt": "환경부 국가미세먼지정보센터_국가 대기오염물질 배출량 통계"}, {"alt": "한국남부발전(주)_월별 온실가스 배출량 원단위"}, {"alt": "한국서부발전(주)_대기오염물질 배출현황 및 발전량"}, {"alt": "인천광역시 탄소포인트제 운영 정보"}, {"alt": "한국지역난방공사_탄소인증 추진현황"}, {"alt": "환경부_온실가스종합정보센터_온실가스 배출량 산정방법 정보"}, {"alt": "한국교통안전공단_지역별 연료별 도로부문 온실가스 배출량"}, {"alt": "한국교통안전공단_지역별 차종별 도로부문 온실가스 배출량"}, {"alt": "한국동서발전(주)_월별 대기오염물질 배출실적 및 발전량"}, {"alt": "한국교통안전공단_지역별 차종별도로부문 온실가스 배출량"}, {"alt": "경기도_수원시_탄소포인트가입현황"}, {"alt": "산림청_산림탄소모아시스템 기본정보"}, {"alt": "한국임업진흥원_산림탄소등록사업현황"}, {"alt": "환경부_배출권거래제, 탄소중립으로 가는 길"}, {"alt": "한국환경공단_탄소포인트제_전국 참여자 현황"}, {"alt": "서울특별시_주민 1인당 생활폐기물 (쓰레기) 배출량 통계"}, {"alt": "한국교통안전공단_지역별 온실가스별 도로부문 온실가스 배출량"}, {"alt": "한국남동발전㈜_월별 온배수 배출량 및 취수구 온도"}, {"alt": "환경부 온실가스종합정보센터_가스별 국가 온실가스 인벤토리 배출량(CO2)"}, {"alt": "환경부 온실가스종합정보센터_가스별 국가 온실가스 인벤토리 배출량(CH4)"}, {"alt": "환경부 온실가스종합정보센터_가스별 국가 온실가스 인벤토리 배출량(HFCs)"}, {"alt": "환경부 온실가스종합정보센터_가스별 국가 온실가스 인벤토리 배출량(PFCs)"}, {"alt": "환경부 온실가스종합정보센터_가스별 국가 온실가스 인벤토리 배출량(SF6)"}, {"alt": "한국동서발전(주)_탄소중립실천포인트제 소개 영상"}, {"alt": "환경부_탄소 중립 생활 실천 안내서"}, {"alt": "한국에너지공단_산업부문 에너지사용 및 온실가스배출량 통계"}, {"alt": "환경부 온실가스종합정보센터_가스별 국가 온실가스 인벤토리 배출량(N2O)"}, {"alt": "대구광역시 남구_공동주택 종량제 음식물 배출량 현황"}, {"alt": "한국임업진흥원_산림탄소상쇄사업 등록사업 현황"}, {"alt": "전라북도_대기오염정보-이산화질소.일산화탄소"}, {"alt": "한국에너지공단_태양광 모듈 탄소검증 제품 정보"}, {"alt": "서울특별시_한강공원 월별 이용객 및 폐기물 배출량 현황"}, {"alt": "한국환경산업기술원_환경정보공개시스템 대표 사업체별 환경오염물질 배출량"}, {"alt": "한국환경산업기술원_환경정보공개시스템_대표사업체 환경 배출량 5개년  정보"}, {"alt": "환경부 국가미세먼지정보센터_국가 대기오염물질 배출량 기초자료구축을 위한 표준업무절차서"}, {"alt": "전라북도_탄소 융합 부품 소재 창업보육 센터 현황"}, {"alt": "광주광역시 서구_일상생활 속 탄소중립 실천 프로젝트"}, {"alt": "한국남부발전(주)_풍력발전단지 탄소저감 산림조성효과 정보"}, {"alt": "한국환경공단_한국환경공단_탄소포인트제 데이터이력관리용 목록(기타)"}, {"alt": "중소벤처기업진흥공단_탄소중립형 스마트공장 보급사업 지역별 지원현황"}, {"alt": "한국서부발전(주)_석고발생량및계약량"}]}