{"title": [{"alt": "한국환경공단_통합기후변화홍보포털_기후변화용어"}, {"alt": "외교부_기후변화 바로알기 정보"}, {"alt": "해양환경공단_기후변화와 해양 _IPCC와 기후협약"}, {"alt": "해양환경공단_해양기후 변화 정보"}, {"alt": "한국환경정책평가연구원_기후변화 관련 지표 정보"}, {"alt": "부산광역시_북구_기후변화체험관 홈페이지"}, {"alt": "한국환경정책평가연구원_기후변화 관련 지표 활용사례"}, {"alt": "국립공원공단_국립공원 기후변화측정망 현황"}, {"alt": "한국환경공단_통합기후변화홍보포털_접속통계"}, {"alt": "한국환경공단_통합기후변화홍보포털_공지사항"}, {"alt": "농림축산식품부_스마트 팜 맴을 활용한 기후변화 대응연구"}, {"alt": "해양환경공단_교육컨텐츠_기후변화_내친구집이사라졌어_자막포함"}, {"alt": "기상청_기후전망"}, {"alt": "서울특별시_체감환경 변화 통계"}, {"alt": "기상청_한국기후도"}, {"alt": "한국환경산업기술원_순환이용성 평가제도 정보관리시스템_탄소중립 기후변화 해외동향 정보"}, {"alt": "기상청_한국기후표"}, {"alt": "기상청_북한기후표"}, {"alt": "기상청_기후통계 메타데이터"}, {"alt": "기상청_기후평년값"}, {"alt": "한국토지주택공사 기후 기술 현황"}, {"alt": "기상청_북한기후평년값"}, {"alt": "산림청 국립산림과학원_산림식생변화"}, {"alt": "한국언론진흥재단_코로나19이후국민의일상변화조사_코로나19로 인한 감정 변화"}, {"alt": "기상청_기후예측모델자료(GloSea)"}, {"alt": "서울특별시_과거 5년 동안 이사경험 및 변화 통계"}, {"alt": "기상청_세계기상전문(GTS) 기후(CLIMAT)"}, {"alt": "서울특별시_생활여건의 변화 통계"}, {"alt": "서울특별시_소득과 부채변화 통계"}, {"alt": "한국언론진흥재단_코로나19이후국민의일상변화조사_코로나19 이후 매체기기 이용량 변화"}, {"alt": "한국언론진흥재단_코로나19이후국민의일상변화조사_코로나19 이후 미디어서비스 이용량 변화"}, {"alt": "한국언론진흥재단_코로나19이후국민의일상변화조사_코로나19 이후 미디어콘텐츠 이용량 변화"}, {"alt": "한국언론진흥재단_코로나19이후국민의일상변화조사_코로나19 이후 일상 활동 변화"}, {"alt": "한국개발연구원_기술 진보와 숙련구조의 변화"}, {"alt": "농촌진흥청 국립농업과학원_농업기상_농업용 미래상세 기후도"}, {"alt": "서울특별시_10년 전 대비 위험정도 변화 통계"}, {"alt": "제주특별자치도_개별관광(FIT)_증가에_따른_제주_관광객_소비패턴_변화_분석_BC카드_지역별(지리적구분)"}, {"alt": "제주특별자치도_개별관광(FIT)_증가에_따른_제주_관광객_소비패턴_변화_분석_BC카드_지역별(특성별구분)"}, {"alt": "한국환경산업기술원_중국 대기오염방지 관리 변화 흐름도"}, {"alt": "소상공인시장진흥공단_포천시 업종별 업소수 변화추이"}, {"alt": "경상남도_노조조합원 및 노조설립수 변화"}, {"alt": "서울특별시_현재 대비 10년 이후 위험정도 변화 통계"}, {"alt": "한국세라믹기술원_세라믹소재정보은행 변화물성 정보"}, {"alt": "한국개발연구원_코로나19 이후 일자리, 이전과 비슷 VS 새로운 변화"}, {"alt": "경기도 하남시_행정동별 유동인구 변화"}, {"alt": "기상청 항공기상청_미국국립기후자료센터 평년 월값 원시정보"}, {"alt": "한국개발연구원_추격 관점에서 살펴본 한·중·일 수출경쟁력의 변화"}, {"alt": "한국개발연구원_미국의 통화정책 변화가 외국자본 유출에 미치는 영향"}, {"alt": "한국언론진흥재단_잡지산업통계_잡지산업_고용형태변화"}, {"alt": "한국개발연구원(KDI)_북한경제의 변화와 남북한 경제통합 분석"}, {"alt": "한국교통안전공단_에코드라이브 체험교육에 따른 연료 소모량 변화"}, {"alt": "한국개발연구원_코로나 위기가 초래한 고용구조 변화와 향후 전망"}, {"alt": "병무청_대한민국 성인 남성의 비만도 변화 분석"}, {"alt": "한국개발연구원_대내외 여건 변화가 국내 소비자물가에 미친 영향"}, {"alt": "국토연구원 국토 지도 정보(1970-2017 현재 국가간선도로망체계 변화, 2019-08-10)"}, {"alt": "국토연구원_국토 지도 정보(전국 69개 도시의 미세먼지 변화추세)"}, {"alt": "서울특별시_우리마을가게 상권분석서비스(상권-상권변화지표)"}, {"alt": "국토교통부 국토지리정보원_공간객체등록번호부여 변화정보통계"}, {"alt": "한국언론진흥재단_언론인조사통계_최근1-2년사이기자의사기변화"}, {"alt": "서울특별시 송파구_사회복무요원 개인정보취급업무 실태 변화"}, {"alt": "서울특별시_우리마을가게 상권분석서비스(자치구별 상권변화지표)"}, {"alt": "서울특별시_우리마을가게 상권분석서비스(행정동별 상권변화지표)"}, {"alt": "인사혁신처_(나라배움터 열린강좌)4차산업혁명과 자동차 기술의 변화"}, {"alt": "한국언론진흥재단_코로나19이후국민의일상변화조사_포스트 코로나 사회에 대한 전망"}, {"alt": "한국개발연구원_양부모가족에서 한부모가족으로의 가족 유형 변화와 아동의 발달"}, {"alt": "한국교육개발원_2018년 연구보고_고교교육 환경 변화 전망과 과제 : 학생들의 시선으로"}, {"alt": "한국인터넷진흥원_정보통신 환경변화에 따른 개인정보 법제도 개선방안 연구보고서"}, {"alt": "조달청_지역별 지역업체 실적 비중"}, {"alt": "조달청_지역별 지역제한 실적 비중"}, {"alt": "조달청_지역별 지역제한 입찰현황"}, {"alt": "중소벤처기업진흥공단_지역본지부 관할지역 정보"}, {"alt": "한국교육과정평가원_[연구 보고] 미래 사회 교육 환경 변화에 따른 교과서 발전 방안"}, {"alt": "제주특별자치도_개별관광(FIT)_증가에_따른_제주관광객_소비패턴_변화_분석_보고서"}, {"alt": "한국개발연구원(KDI)_법인 노동소득분배율의 추이 및 변화 요인 분석"}, {"alt": "국토연구원 국토 지도 정보(2013-2017 도시재생 쇠퇴 진단지표별 전국 변화 현황, 2019-07-10)"}, {"alt": "한국도로공사_교통량 변화 발생구간 설치된 차량검지기(VDS) 정보"}, {"alt": "한국교육과정평가원_수학·과학 성취도 추이변화 국제 비교 연구: TIMSS 2019 결과 분석"}, {"alt": "한국청소년활동진흥원_대한민국청소년자원봉사단 참가자 의식변화 조사"}, {"alt": "서울특별시_용도지역(도시지역) 공간정보"}, {"alt": "해양환경공단_해양쓰레기 조사_지역별"}, {"alt": "한전원자력연료(주)_연구보고서(지지격자 형상 변화에 따른 피복관 프레팅 마모 특성 연구)"}, {"alt": "한국언론진흥재단_언론인의식조사통계_김영란법이후언론계변화인식"}, {"alt": "한국교육과정평가원_수학·과학 성취도 추이변화 국제비교 연구 TIMSS 2019 본검사 시행"}, {"alt": "인사혁신처_(나라배움터 열린강좌)색다른 도전, 언택트 플립러닝 포스트코로나 이미 변화는 시작되었다"}, {"alt": "한국언론진흥재단_코로나19이후국민의일상변화조사_코로나19 이후 재난 대처 능력에 대한 예상"}, {"alt": "한국가스공사_지역본부별 지역등급에 따른 배관연장 현황"}, {"alt": "(주)한국가스기술공사_비수도권 지역인재 이전지역 인재 고졸인력 채용현황"}, {"alt": "한국재정정보원_주요 재정통계_환경 분야 재정지출_기후대기 및 환경안전 부문 주요 프로그램별 추이"}, {"alt": "국토연구원_발간 동향 전문자료 현황(기후위기시대, 홍수관리대책 전환과 정책 추진방안)"}, {"alt": "농촌진흥청_지역브랜드"}, {"alt": "제주특별자치도개발공사_지역항 이용량"}, {"alt": "문화체육관광부_지역축제"}, {"alt": "조달청_지역별 지역의무공동 공사계약 실적"}, {"alt": "부산광역시_부산지역 토양오염실태조사 초과지역현황"}, {"alt": "한국사회보장정보원_지역보건의료정보시스템 지역별 사용현황"}, {"alt": "한국교육개발원_교직환경 변화에 따른 교원 정책 혁신 과제(Ⅲ): 교원 인사제도 혁신 방안 연구"}, {"alt": "제주특별자치도_개별관광(FIT)_증가에_따른_제주_관광객_소비패턴_변화_분석_BC카드_유형별_관광업종별"}, {"alt": "여성가족부_지역별 성평등 수준 분석 연구"}, {"alt": "한국지역난방공사_쿠웨이트 압둘라신도시 지역냉방 공급가능지역 현황"}, {"alt": "중소벤처기업진흥공단_지역별 지역주력산업성장촉진 프로젝트 추진 현황"}]}