{"title": [{"alt": "제주특별자치도_자연재해발생현황"}, {"alt": "서울특별시_자연재해 위험지구 통계"}, {"alt": "한국도로공사_자연재해로 인한 전면차단 이력"}, {"alt": "한국전기안전공사_연도별 전기재해 현황 _감전"}, {"alt": "제주특별자치도 제주시_자연재해위험개선지구현황"}, {"alt": "부산광역시 남구 자연재해위험개선지구 현황"}, {"alt": "한국산업안전보건공단_안전보건미디어자료(여름철 자연재해 예방 포스터)"}, {"alt": "농업정책보험금융원_농작물재해보험 대상면적 현황 연도별 품목별 시도별"}, {"alt": "한국동서발전(주)_재해율 현황"}, {"alt": "한국산업안전보건공단_사망재해"}, {"alt": "공무원연금공단_재해종류별 재해부조금 지급 추이"}, {"alt": "한국전기안전공사_전기재해 현황"}, {"alt": "산업통상자원부_광산재해현황"}, {"alt": "한국도로공사_재해붕괴현황"}, {"alt": "대한석탄공사_유형별 재해 현황"}, {"alt": "고용노동부_중대재해 발생이 규모별 동종업종 평균재해율 이상인 사업장"}, {"alt": "행정안전부 안전분야 재해연보"}, {"alt": "행정안전부_재해우려지역 현황"}, {"alt": "제주특별자치도_재해대책기관현황"}, {"alt": "행정안전부_재해구호물자 정보"}, {"alt": "산업통상자원부_유형별 광산재해현황"}, {"alt": "한전케이피에스주식회사_감전재해 예방에 관한 사항"}, {"alt": "한전케이피에스주식회사_협착재해 예방에 관한 사항"}, {"alt": "한국지역난방공사_재해발생 현황정보"}, {"alt": "사립학교교직원연금공단_직무상 재해 청구시효"}, {"alt": "사립학교교직원연금공단_재해보상 결정사례"}, {"alt": "한국산업안전보건공단_규모별 재해자수"}, {"alt": "대한석탄공사_광업소별 재해 현황"}, {"alt": "전라북도_단독주택 재해 현황"}, {"alt": "공무원연금공단_공무원연금주요통계(재해종류별 재해부조금 지급 추이)"}, {"alt": "국립생태원_생태자연도"}, {"alt": "서울특별시_ 관광 자연"}, {"alt": "국립공원공단_자연의소리_내장산자연환경해설사칼림바연주"}, {"alt": "사립학교교직원연금공단_재해보상급여 지급 현황"}, {"alt": "사립학교교직원연금공단_재해보상기금 조성 현황"}, {"alt": "고용노동부_산업재해자 국적 코드"}, {"alt": "고용노동부_산업재해자 직업 코드"}, {"alt": "한전케이피에스주식회사_추락재해 위험성과 예방에 관한 사항"}, {"alt": "대전광역시 서구_재해우려지역 현황"}, {"alt": "한국전기안전공사_전기재해(인명피해) 현황"}, {"alt": "한국산업안전보건공단_규모별 질병재해자수"}, {"alt": "한국산업안전보건공단_성별질병재해자수"}, {"alt": "한국산업안전보건공단_연령별질병재해자수"}, {"alt": "한국산업안전보건공단_성별사고재해자수"}, {"alt": "한국산업안전보건공단_규모별 사고재해자수"}, {"alt": "대전광역시_자연환경조사"}, {"alt": "대전광역시_자연휴양림"}, {"alt": "경기도_자연관광지 현황"}, {"alt": "강원도_자연생태 현황"}, {"alt": "경상남도_자연공원현황"}, {"alt": "행정안전부_지진재해대응시스템_조위정보"}, {"alt": "한국항공우주연구원_재해지역위성정보제공목록"}, {"alt": "고용노동부_산업재해자 작업내용 코드"}, {"alt": "고용노동부_산업재해자 작업지역 코드"}, {"alt": "고용노동부_산업재해자 기인물 코드"}, {"alt": "공무원연금공단_지역별 재해부조금 지급 추이"}, {"alt": "경상남도 양산시_재해 예경보시스템 현황"}, {"alt": "농림축산식품부_농업재해대책업무편람 정보"}, {"alt": "농업정책보험금융원_농작물재해보험 가입 현황"}, {"alt": "농업정책보험금융원_농작물재해보험 지급현황"}, {"alt": "한국농어촌공사_재난재해 홍수조절 방류현황"}, {"alt": "한국산업안전보건공단_산업중분류별 재해자수"}, {"alt": "대전광역시_농작물재해보험 가입현황"}, {"alt": "경상남도_함안군_재해 예보 경보시스템 현황"}, {"alt": "국립공원공단_자연치유동영상 내장산 자연환경 해설사 칼림바 연주"}, {"alt": "행정안전부_지진재해대응시스템_행정구역정보"}, {"alt": "행정안전부_재해위험저수지 지정 고시 현황"}, {"alt": "고용노동부_재해예방전문지도기관 지정현황"}, {"alt": "행정안전부_지진재해대응시스템_지진연계정보"}, {"alt": "한국산업안전보건공단_산업중분류별 질병재해자수"}, {"alt": "한국산업안전보건공단_노동관서별질병재해자수"}, {"alt": "한국산업안전보건공단_산업중분류별 사고재해자수"}, {"alt": "한국산업안전보건공단_노동지청별 사고재해자수"}, {"alt": "제주특별자치도_제주자연_삽화_정보"}, {"alt": "경상북도 칠곡군_자연명소정보"}, {"alt": "전라북도_자연생태공원 현황"}, {"alt": "경기도 의왕시_자연관광지 현황"}, {"alt": "국립공원공단_무등산자연의소리"}, {"alt": "강원도_자연휴양림 현황"}, {"alt": "경상남도 거창군_자연재난(매기)"}, {"alt": "경상남도 거창군_자연재난(에위니아)"}, {"alt": "경상남도 거창군_자연재난(호우)"}, {"alt": "한국문화정보원_자연산수 형태 문양"}, {"alt": "육아정책연구소_자연과 아이다움을 살리는 생태놀이"}, {"alt": "경상남도 거창군_자연재난현황"}, {"alt": "충청북도_음성군_자연부락명"}, {"alt": "전라남도_자연공원조성현황"}, {"alt": "제주특별자치도_민속자연사박물관_소장유물현황_자연사자료(동물)"}, {"alt": "제주특별자치도_민속자연사박물관_소장유물현황_자연사자료(해양생물)"}, {"alt": "제주특별자치도_민속자연사박물관_소장유물현황_자연사자료(광식물)"}, {"alt": "행정안전부_지진재해대응시스템_경광등설정정보"}, {"alt": "공무원연금공단_급여종류별 재해보상급여지급액"}, {"alt": "한국동서발전(주)_정부인증 재해경감 우수기업 인증현황"}, {"alt": "국토연구원_국토 지도 정보(건설안전사고 지역별 재해율)"}, {"alt": "근로복지공단_항만하역 재해자 보험급여 지급 현황"}, {"alt": "한전케이피에스주식회사_작업공정의 유해위험과 재해예방대책에 관한 사항"}, {"alt": "한국산업안전보건공단_산업중분류별규모별질병재해자수"}, {"alt": "한국산업안전보건공단_산업중분류별규모별사고재해자수"}, {"alt": "한국철도공사_연도별 열차키로"}, {"alt": "(주)에스알_연도별수송수익"}]}