{"title": [{"alt": "산림청_산림탄소모아시스템_산림탄소 인증 정보"}, {"alt": "한국가스공사_탄소 정책 현황"}, {"alt": "인천광역시 탄소포인트제 운영 정보"}, {"alt": "한국지역난방공사_탄소인증 추진현황"}, {"alt": "경기도_수원시_탄소포인트가입현황"}, {"alt": "산림청_산림탄소모아시스템 기본정보"}, {"alt": "한국임업진흥원_산림탄소등록사업현황"}, {"alt": "한국환경공단_탄소포인트제 전기 사용량"}, {"alt": "환경부_배출권거래제, 탄소중립으로 가는 길"}, {"alt": "한국환경공단_탄소포인트제_전국 참여자 현황"}, {"alt": "한국동서발전(주)_탄소중립실천포인트제 소개 영상"}, {"alt": "한국환경공단_탄소포인트제 도시가스 사용량"}, {"alt": "한국환경공단_탄소포인트제 상수도 사용량"}, {"alt": "환경부_탄소 중립 생활 실천 안내서"}, {"alt": "한국임업진흥원_산림탄소상쇄사업 등록사업 현황"}, {"alt": "전라북도_대기오염정보-이산화질소.일산화탄소"}, {"alt": "한국에너지공단_태양광 모듈 탄소검증 제품 정보"}, {"alt": "광주광역시 상수도사업본부_덕남정수사업소 탄소배출량"}, {"alt": "광주광역시 상수도사업본부_용연정수사업소 탄소배출량"}, {"alt": "전라북도_탄소 융합 부품 소재 창업보육 센터 현황"}, {"alt": "광주광역시 서구_일상생활 속 탄소중립 실천 프로젝트"}, {"alt": "한국남부발전(주)_풍력발전단지 탄소저감 산림조성효과 정보"}, {"alt": "한국환경공단_한국환경공단_탄소포인트제 데이터이력관리용 목록(기타)"}, {"alt": "한국환경산업기술원_제품 탄소배출량 산정 작성지침 매뉴얼(2014년)"}, {"alt": "한국환경공단_탄소포인트제 데이터이력관리용 목록(사용량 관련)"}, {"alt": "중소벤처기업진흥공단_탄소중립형 스마트공장 보급사업 지역별 지원현황"}, {"alt": "한국지방재정공제회_에너지 절약 및 탄소배출 저감을 위한 간판조명 개선 연구(2010)"}, {"alt": "신용보증기금_중소기업금융연구_정보비대칭이 탄소위험과 부채조달비용에 미치는 영향 분석"}, {"alt": "한국환경산업기술원_순환이용성 평가제도 정보관리시스템_탄소중립 기후변화 해외동향 정보"}, {"alt": "한국산업안전보건공단_안전보건미디어자료(이산화탄소 소화설비에 의한 질식중독재해 예방 안전조치 매뉴얼)"}, {"alt": "한국수자원공사_온실가스 배출량 이행률"}, {"alt": "수원도시공사_실내공기질 측정 정보"}, {"alt": "인천광역시계양구시설관리공단_공기질측정정보"}, {"alt": "서울교통공사_4개환승역_공기질정보"}, {"alt": "기상청_온실가스 관측자료"}, {"alt": "서울교통공사_전동차 공기질 측정 정보"}, {"alt": "부산교통공사_공기질측정 정보"}, {"alt": "서울교통공사_지하역사 공기질 측정 정보"}, {"alt": "한국가스공사_유럽 배출권거래제(EU-ETS) 가격"}, {"alt": "대전광역시시설관리공단_충무체육관 공기질"}, {"alt": "대전광역시시설관리공단_역전지하도상가 공기질"}, {"alt": "서울시설공단_지하도상가 공기질 측정 현황"}, {"alt": "대구광역시_대기질 항목별 시간평균자료"}, {"alt": "대전광역시시설관리공단_보조경기장 지하주차장 공기질"}, {"alt": "(주)한국가스기술공사_CARBON DIOXIDE RECOVERY System USING LOW TEMPERATURE LIQUEFACTION PROCESS FROM BIOGAS UPGRADING PLANT"}, {"alt": "광주광역시도시철도공사_차량공기질"}, {"alt": "대구광역시_대기질항목별일평균자료"}, {"alt": "한국서부발전(주)_소비탄 성상"}, {"alt": "충청북도_대기질 정보"}, {"alt": "전라북도_대기 오염"}, {"alt": "대구광역시_대기질 월평균 자료"}, {"alt": "대구광역시_대기질 일평균 자료"}, {"alt": "대구광역시_대기질 연평균 자료"}, {"alt": "산림청_국립산림과학원_산림생태플럭스정보"}, {"alt": "대전광역시_신재생에너지교육"}, {"alt": "서울특별시_일별 평균 대기오염도 정보"}, {"alt": "대구광역시_대기질 분석결과"}, {"alt": "서울특별시_월별 평균 대기오염도 정보"}, {"alt": "전라북도_보건환경연구원 도시대기측정망"}, {"alt": "전라북도_보건환경연구원 도로변대기측정망"}, {"alt": "대구광역시_대기질 측정소별 연평균 자료"}, {"alt": "인천광역시_대기환경기준"}, {"alt": "경기도 포천시_대기오염측정현황"}, {"alt": "충청남도 보령시 대기오염도"}, {"alt": "인천광역시_계양구_대기오염도정보"}, {"alt": "울산광역시_대기환경 기준 정보"}, {"alt": "한국환경정책평가연구원_환경영향평가 온실가스정보"}, {"alt": "서울특별시_연도별 평균 대기오염도 정보"}, {"alt": "서울특별시_권역별 실시간 대기환경 현황"}, {"alt": "서울특별시_기간별 일평균 대기환경 정보"}, {"alt": "서울특별시_기간별 시간평균 대기환경 정보"}, {"alt": "경기도 양주시_대기오염물질 측정결과"}, {"alt": "한국환경공단_굴뚝TMS 사업장 목록"}, {"alt": "부산광역시_북구_하천 수질 현황"}, {"alt": "경기도 부천시_대기오염측정결과"}, {"alt": "인천광역시 부평구_대기오염측정망 공개"}, {"alt": "한국도로공사_하이패스 차로 시행 사회적 편익"}, {"alt": "환경부 온실가스종합정보센터_국가 온실가스 인벤토리 배출량"}, {"alt": "환경부 온실가스종합정보센터_가스별 국가 온실가스 인벤토리 배출량(CO2)"}, {"alt": "환경부 온실가스종합정보센터_가스별 국가 온실가스 인벤토리 배출량(CH4)"}, {"alt": "환경부 온실가스종합정보센터_가스별 국가 온실가스 인벤토리 배출량(N2O)"}, {"alt": "환경부 온실가스종합정보센터_가스별 국가 온실가스 인벤토리 배출량(HFCs)"}, {"alt": "환경부 온실가스종합정보센터_가스별 국가 온실가스 인벤토리 배출량(PFCs)"}, {"alt": "환경부 온실가스종합정보센터_가스별 국가 온실가스 인벤토리 배출량(SF6)"}, {"alt": "인천광역시_보건환경연구원 대기현황_대기질변동추이_항목별자료"}, {"alt": "기상청_반응가스 관측자료"}, {"alt": "한국농어촌공사_농업용저수지 수질정보"}, {"alt": "한국지역난방공사 온실가스 배출량 정보"}, {"alt": "광주광역시_대기오염측정망 운영"}, {"alt": "광주광역시 광주보건환경연구원 수질측정망 실태조사"}, {"alt": "인천광역시 동구_월간대기오염측정결과"}, {"alt": "강원도_도시대기측정 현황"}, {"alt": "서울특별시_시간 평균 대기오염도 정보"}, {"alt": "한국에너지기술연구원 에너지 기술정책 포커스"}, {"alt": "인천광역시_보건환경연구원 대기통계_평균대기오염도"}, {"alt": "경상북도_대기배출시설 B-C유 등 사용현황"}, {"alt": "서울특별시_도로변 측정소별 실시간 대기환경 현황"}, {"alt": "인천광역시_보건환경연구원 인천도시대기 기간별자료"}, {"alt": "인천광역시_보건환경연구원 대기현황_대기질변동추이_측정소별"}, {"alt": "대전교통공사_도시철도 1호선 통신 설비 관련 소화기 관리 현황"}]}